都道府県,性別,年齢階級,転出超過数,人口,転出超過率(%)
北海道,総数,0歳～4歳,-37,162373,-0.0228
北海道,総数,5歳～9歳,-46,189483,-0.0243
北海道,総数,10歳～14歳,-45,203948,-0.0221
北海道,総数,15歳～19歳,-425,221229,-0.1921
北海道,総数,20歳～24歳,-3849,220409,-1.7463
北海道,総数,25歳～29歳,-2351,224130,-1.0489
北海道,総数,30歳～34歳,-557,247463,-0.2251
北海道,総数,35歳～39歳,188,287154,0.0655
北海道,総数,40歳～44歳,218,336549,0.0648
北海道,総数,45歳～49歳,330,388162,0.085
北海道,総数,50歳～54歳,257,345552,0.0744
北海道,総数,55歳～59歳,447,339699,0.1316
北海道,総数,60歳～64歳,568,335380,0.1694
北海道,総数,65歳～69歳,300,395875,0.0758
北海道,総数,70歳～74歳,68,419875,0.0162
北海道,総数,75歳～79歳,27,307446,0.0088
北海道,総数,80歳～84歳,-61,247918,-0.0246
北海道,総数,85歳～89歳,-114,177368,-0.0643
北海道,総数,90歳以上,-80,115541,-0.0692
北海道,男,0歳～4歳,-25,83004,-0.0301
北海道,男,5歳～9歳,-76,96778,-0.0785
北海道,男,10歳～14歳,-3,104728,-0.0029
北海道,男,15歳～19歳,32,113445,0.0282
北海道,男,20歳～24歳,-1543,112616,-1.3701
北海道,男,25歳～29歳,-1073,112587,-0.953
北海道,男,30歳～34歳,-212,124006,-0.171
北海道,男,35歳～39歳,185,142111,0.1302
北海道,男,40歳～44歳,171,166377,0.1028
北海道,男,45歳～49歳,228,191426,0.1191
北海道,男,50歳～54歳,240,166292,0.1443
北海道,男,55歳～59歳,268,162041,0.1654
北海道,男,60歳～64歳,436,160590,0.2715
北海道,男,65歳～69歳,227,185727,0.1222
北海道,男,70歳～74歳,81,189689,0.0427
北海道,男,75歳～79歳,56,129839,0.0431
北海道,男,80歳～84歳,-8,98184,-0.0081
北海道,男,85歳～89歳,-26,63021,-0.0413
北海道,男,90歳以上,-35,29737,-0.1177
北海道,女,0歳～4歳,-12,79369,-0.0151
北海道,女,5歳～9歳,30,92705,0.0324
北海道,女,10歳～14歳,-42,99220,-0.0423
北海道,女,15歳～19歳,-457,107784,-0.424
北海道,女,20歳～24歳,-2306,107793,-2.1393
北海道,女,25歳～29歳,-1278,111543,-1.1457
北海道,女,30歳～34歳,-345,123457,-0.2794
北海道,女,35歳～39歳,3,145043,0.0021
北海道,女,40歳～44歳,47,170172,0.0276
北海道,女,45歳～49歳,102,196736,0.0518
北海道,女,50歳～54歳,17,179260,0.0095
北海道,女,55歳～59歳,179,177658,0.1008
北海道,女,60歳～64歳,132,174790,0.0755
北海道,女,65歳～69歳,73,210148,0.0347
北海道,女,70歳～74歳,-13,230186,-0.0056
北海道,女,75歳～79歳,-29,177607,-0.0163
北海道,女,80歳～84歳,-53,149734,-0.0354
北海道,女,85歳～89歳,-88,114347,-0.077
北海道,女,90歳以上,-45,85804,-0.0524
青森県,総数,0歳～4歳,12,37334,0.0321
青森県,総数,5歳～9歳,-17,43520,-0.0391
青森県,総数,10歳～14歳,-72,48258,-0.1492
青森県,総数,15歳～19歳,-1314,52090,-2.5226
青森県,総数,20歳～24歳,-2533,43854,-5.776
青森県,総数,25歳～29歳,-376,46128,-0.8151
青森県,総数,30歳～34歳,-18,53139,-0.0339
青森県,総数,35歳～39歳,-108,64849,-0.1665
青森県,総数,40歳～44歳,-82,75800,-0.1082
青森県,総数,45歳～49歳,-8,85326,-0.0094
青森県,総数,50歳～54歳,-45,81545,-0.0552
青森県,総数,55歳～59歳,14,84210,0.0166
青森県,総数,60歳～64歳,123,89226,0.1379
青森県,総数,65歳～69歳,81,100699,0.0804
青森県,総数,70歳～74歳,-19,101906,-0.0186
青森県,総数,75歳～79歳,-7,73871,-0.0095
青森県,総数,80歳～84歳,-80,62724,-0.1275
青森県,総数,85歳～89歳,-77,46710,-0.1648
青森県,総数,90歳以上,-16,27033,-0.0592
青森県,男,0歳～4歳,13,18980,0.0685
青森県,男,5歳～9歳,-20,22328,-0.0896
青森県,男,10歳～14歳,-30,24590,-0.122
青森県,男,15歳～19歳,-625,26958,-2.3184
青森県,男,20歳～24歳,-1055,23002,-4.5866
青森県,男,25歳～29歳,-221,23886,-0.9252
青森県,男,30歳～34歳,0,27000,-0.0
青森県,男,35歳～39歳,-32,32576,-0.0982
青森県,男,40歳～44歳,-47,38178,-0.1231
青森県,男,45歳～49歳,21,42462,0.0495
青森県,男,50歳～54歳,20,39797,0.0503
青森県,男,55歳～59歳,11,40683,0.027
青森県,男,60歳～64歳,93,42345,0.2196
青森県,男,65歳～69歳,72,47562,0.1514
青森県,男,70歳～74歳,19,46936,0.0405
青森県,男,75歳～79歳,9,30776,0.0292
青森県,男,80歳～84歳,-7,23523,-0.0298
青森県,男,85歳～89歳,-19,14816,-0.1282
青森県,男,90歳以上,-8,6018,-0.1329
青森県,女,0歳～4歳,-1,18354,-0.0054
青森県,女,5歳～9歳,3,21192,0.0142
青森県,女,10歳～14歳,-42,23668,-0.1775
青森県,女,15歳～19歳,-689,25132,-2.7415
青森県,女,20歳～24歳,-1478,20852,-7.088
青森県,女,25歳～29歳,-155,22242,-0.6969
青森県,女,30歳～34歳,-18,26139,-0.0689
青森県,女,35歳～39歳,-76,32273,-0.2355
青森県,女,40歳～44歳,-35,37622,-0.093
青森県,女,45歳～49歳,-29,42864,-0.0677
青森県,女,50歳～54歳,-65,41748,-0.1557
青森県,女,55歳～59歳,3,43527,0.0069
青森県,女,60歳～64歳,30,46881,0.064
青森県,女,65歳～69歳,9,53137,0.0169
青森県,女,70歳～74歳,-38,54970,-0.0691
青森県,女,75歳～79歳,-16,43095,-0.0371
青森県,女,80歳～84歳,-73,39201,-0.1862
青森県,女,85歳～89歳,-58,31894,-0.1819
青森県,女,90歳以上,-8,21015,-0.0381
岩手県,総数,0歳～4歳,7,37344,0.0187
岩手県,総数,5歳～9歳,-28,45091,-0.0621
岩手県,総数,10歳～14歳,-61,50012,-0.122
岩手県,総数,15歳～19歳,-1215,52453,-2.3164
岩手県,総数,20歳～24歳,-2146,43292,-4.957
岩手県,総数,25歳～29歳,-557,46745,-1.1916
岩手県,総数,30歳～34歳,-88,53515,-0.1644
岩手県,総数,35歳～39歳,44,64409,0.0683
岩手県,総数,40歳～44歳,50,74894,0.0668
岩手県,総数,45歳～49歳,-90,82138,-0.1096
岩手県,総数,50歳～54歳,2,76370,0.0026
岩手県,総数,55歳～59歳,13,79659,0.0163
岩手県,総数,60歳～64歳,46,85341,0.0539
岩手県,総数,65歳～69歳,37,96055,0.0385
岩手県,総数,70歳～74歳,69,94027,0.0734
岩手県,総数,75歳～79歳,32,71267,0.0449
岩手県,総数,80歳～84歳,-31,63395,-0.0489
岩手県,総数,85歳～89歳,-11,48415,-0.0227
岩手県,総数,90歳以上,-40,31200,-0.1282
岩手県,男,0歳～4歳,-16,19059,-0.0839
岩手県,男,5歳～9歳,-24,23018,-0.1043
岩手県,男,10歳～14歳,-28,25686,-0.109
岩手県,男,15歳～19歳,-545,27012,-2.0176
岩手県,男,20歳～24歳,-786,22689,-3.4642
岩手県,男,25歳～29歳,-250,24143,-1.0355
岩手県,男,30歳～34歳,2,27432,0.0073
岩手県,男,35歳～39歳,46,32736,0.1405
岩手県,男,40歳～44歳,60,38299,0.1567
岩手県,男,45歳～49歳,-43,42221,-0.1018
岩手県,男,50歳～54歳,14,38285,0.0366
岩手県,男,55歳～59歳,28,39934,0.0701
岩手県,男,60歳～64歳,42,42286,0.0993
岩手県,男,65歳～69歳,51,47015,0.1085
岩手県,男,70歳～74歳,74,44766,0.1653
岩手県,男,75歳～79歳,28,30592,0.0915
岩手県,男,80歳～84歳,-4,24708,-0.0162
岩手県,男,85歳～89歳,1,16248,0.0062
岩手県,男,90歳以上,-11,7550,-0.1457
岩手県,女,0歳～4歳,23,18285,0.1258
岩手県,女,5歳～9歳,-4,22073,-0.0181
岩手県,女,10歳～14歳,-33,24326,-0.1357
岩手県,女,15歳～19歳,-670,25441,-2.6335
岩手県,女,20歳～24歳,-1360,20603,-6.601
岩手県,女,25歳～29歳,-307,22602,-1.3583
岩手県,女,30歳～34歳,-90,26083,-0.3451
岩手県,女,35歳～39歳,-2,31673,-0.0063
岩手県,女,40歳～44歳,-10,36595,-0.0273
岩手県,女,45歳～49歳,-47,39917,-0.1177
岩手県,女,50歳～54歳,-12,38085,-0.0315
岩手県,女,55歳～59歳,-15,39725,-0.0378
岩手県,女,60歳～64歳,4,43055,0.0093
岩手県,女,65歳～69歳,-14,49040,-0.0285
岩手県,女,70歳～74歳,-5,49261,-0.0102
岩手県,女,75歳～79歳,4,40675,0.0098
岩手県,女,80歳～84歳,-27,38687,-0.0698
岩手県,女,85歳～89歳,-12,32167,-0.0373
岩手県,女,90歳以上,-29,23650,-0.1226
宮城県,総数,0歳～4歳,-50,79154,-0.0632
宮城県,総数,5歳～9歳,-48,92066,-0.0521
宮城県,総数,10歳～14歳,25,97208,0.0257
宮城県,総数,15歳～19歳,780,109137,0.7147
宮城県,総数,20歳～24歳,-1307,112346,-1.1634
宮城県,総数,25歳～29歳,-1162,106679,-1.0892
宮城県,総数,30歳～34歳,-354,120945,-0.2927
宮城県,総数,35歳～39歳,-98,139891,-0.0701
宮城県,総数,40歳～44歳,-36,156261,-0.023
宮城県,総数,45歳～49歳,-127,168990,-0.0752
宮城県,総数,50歳～54歳,-85,146567,-0.058
宮城県,総数,55歳～59歳,-75,141164,-0.0531
宮城県,総数,60歳～64歳,102,144865,0.0704
宮城県,総数,65歳～69歳,84,161459,0.052
宮城県,総数,70歳～74歳,99,157967,0.0627
宮城県,総数,75歳～79歳,52,113819,0.0457
宮城県,総数,80歳～84歳,69,93054,0.0742
宮城県,総数,85歳～89歳,39,68330,0.0571
宮城県,総数,90歳以上,46,44355,0.1037
宮城県,男,0歳～4歳,-14,40636,-0.0345
宮城県,男,5歳～9歳,-40,47279,-0.0846
宮城県,男,10歳～14歳,14,49724,0.0282
宮城県,男,15歳～19歳,390,56147,0.6946
宮城県,男,20歳～24歳,-635,58085,-1.0932
宮城県,男,25歳～29歳,-707,53942,-1.3107
宮城県,男,30歳～34歳,-167,61185,-0.2729
宮城県,男,35歳～39歳,-5,70073,-0.0071
宮城県,男,40歳～44歳,-20,79004,-0.0253
宮城県,男,45歳～49歳,-122,85542,-0.1426
宮城県,男,50歳～54歳,-71,74044,-0.0959
宮城県,男,55歳～59歳,-109,70243,-0.1552
宮城県,男,60歳～64歳,63,71245,0.0884
宮城県,男,65歳～69歳,29,78502,0.0369
宮城県,男,70歳～74歳,67,75682,0.0885
宮城県,男,75歳～79歳,18,51637,0.0349
宮城県,男,80歳～84歳,44,37800,0.1164
宮城県,男,85歳～89歳,23,23940,0.0961
宮城県,男,90歳以上,4,11357,0.0352
宮城県,女,0歳～4歳,-36,38518,-0.0935
宮城県,女,5歳～9歳,-8,44787,-0.0179
宮城県,女,10歳～14歳,11,47484,0.0232
宮城県,女,15歳～19歳,390,52990,0.736
宮城県,女,20歳～24歳,-672,54261,-1.2385
宮城県,女,25歳～29歳,-455,52737,-0.8628
宮城県,女,30歳～34歳,-187,59760,-0.3129
宮城県,女,35歳～39歳,-93,69818,-0.1332
宮城県,女,40歳～44歳,-16,77257,-0.0207
宮城県,女,45歳～49歳,-5,83448,-0.006
宮城県,女,50歳～54歳,-14,72523,-0.0193
宮城県,女,55歳～59歳,34,70921,0.0479
宮城県,女,60歳～64歳,39,73620,0.053
宮城県,女,65歳～69歳,55,82957,0.0663
宮城県,女,70歳～74歳,32,82285,0.0389
宮城県,女,75歳～79歳,34,62182,0.0547
宮城県,女,80歳～84歳,25,55254,0.0452
宮城県,女,85歳～89歳,16,44390,0.036
宮城県,女,90歳以上,42,32998,0.1273
秋田県,総数,0歳～4歳,10,25271,0.0396
秋田県,総数,5歳～9歳,-49,31304,-0.1565
秋田県,総数,10歳～14歳,-33,36098,-0.0914
秋田県,総数,15歳～19歳,-1161,36339,-3.1949
秋田県,総数,20歳～24歳,-1670,29192,-5.7207
秋田県,総数,25歳～29歳,-449,31955,-1.4051
秋田県,総数,30歳～34歳,-153,38607,-0.3963
秋田県,総数,35歳～39歳,-64,48498,-0.132
秋田県,総数,40歳～44歳,-103,58249,-0.1768
秋田県,総数,45歳～49歳,-78,62497,-0.1248
秋田県,総数,50歳～54歳,-23,58055,-0.0396
秋田県,総数,55歳～59歳,51,64453,0.0791
秋田県,総数,60歳～64歳,42,72842,0.0577
秋田県,総数,65歳～69歳,26,83852,0.031
秋田県,総数,70歳～74歳,-18,84106,-0.0214
秋田県,総数,75歳～79歳,-27,60499,-0.0446
秋田県,総数,80歳～84歳,-50,56433,-0.0886
秋田県,総数,85歳～89歳,-49,44247,-0.1107
秋田県,総数,90歳以上,-38,28431,-0.1337
秋田県,男,0歳～4歳,-2,12881,-0.0155
秋田県,男,5歳～9歳,-25,15966,-0.1566
秋田県,男,10歳～14歳,-23,18580,-0.1238
秋田県,男,15歳～19歳,-555,18712,-2.966
秋田県,男,20歳～24歳,-722,15432,-4.6786
秋田県,男,25歳～29歳,-236,16644,-1.4179
秋田県,男,30歳～34歳,-82,19668,-0.4169
秋田県,男,35歳～39歳,-37,24780,-0.1493
秋田県,男,40歳～44歳,-52,29906,-0.1739
秋田県,男,45歳～49歳,-34,31477,-0.108
秋田県,男,50歳～54歳,7,28686,0.0244
秋田県,男,55歳～59歳,38,31301,0.1214
秋田県,男,60歳～64歳,50,35316,0.1416
秋田県,男,65歳～69歳,35,40308,0.0868
秋田県,男,70歳～74歳,7,39605,0.0177
秋田県,男,75歳～79歳,-6,25622,-0.0234
秋田県,男,80歳～84歳,-12,21413,-0.056
秋田県,男,85歳～89歳,-18,14488,-0.1242
秋田県,男,90歳以上,-6,6552,-0.0916
秋田県,女,0歳～4歳,12,12390,0.0969
秋田県,女,5歳～9歳,-24,15338,-0.1565
秋田県,女,10歳～14歳,-10,17518,-0.0571
秋田県,女,15歳～19歳,-606,17627,-3.4379
秋田県,女,20歳～24歳,-948,13760,-6.8895
秋田県,女,25歳～29歳,-213,15311,-1.3912
秋田県,女,30歳～34歳,-71,18939,-0.3749
秋田県,女,35歳～39歳,-27,23718,-0.1138
秋田県,女,40歳～44歳,-51,28343,-0.1799
秋田県,女,45歳～49歳,-44,31020,-0.1418
秋田県,女,50歳～54歳,-30,29369,-0.1021
秋田県,女,55歳～59歳,13,33152,0.0392
秋田県,女,60歳～64歳,-8,37526,-0.0213
秋田県,女,65歳～69歳,-9,43544,-0.0207
秋田県,女,70歳～74歳,-25,44501,-0.0562
秋田県,女,75歳～79歳,-21,34877,-0.0602
秋田県,女,80歳～84歳,-38,35020,-0.1085
秋田県,女,85歳～89歳,-31,29759,-0.1042
秋田県,女,90歳以上,-32,21879,-0.1463
山形県,総数,0歳～4歳,38,34298,0.1108
山形県,総数,5歳～9歳,-55,40703,-0.1351
山形県,総数,10歳～14歳,-47,45085,-0.1042
山形県,総数,15歳～19歳,-890,46872,-1.8988
山形県,総数,20歳～24歳,-2315,39731,-5.8267
山形県,総数,25歳～29歳,-557,41004,-1.3584
山形県,総数,30歳～34歳,-159,48830,-0.3256
山形県,総数,35歳～39歳,-104,57811,-0.1799
山形県,総数,40歳～44歳,-32,66197,-0.0483
山形県,総数,45歳～49歳,-94,69537,-0.1352
山形県,総数,50歳～54歳,-113,64132,-0.1762
山形県,総数,55歳～59歳,-16,68753,-0.0233
山形県,総数,60歳～64歳,32,75952,0.0421
山形県,総数,65歳～69歳,40,85619,0.0467
山形県,総数,70歳～74歳,10,83299,0.012
山形県,総数,75歳～79歳,11,60975,0.018
山形県,総数,80歳～84歳,-1,54853,-0.0018
山形県,総数,85歳～89歳,-17,43740,-0.0389
山形県,総数,90歳以上,-12,31068,-0.0386
山形県,男,0歳～4歳,26,17653,0.1473
山形県,男,5歳～9歳,-39,20746,-0.188
山形県,男,10歳～14歳,-24,23192,-0.1035
山形県,男,15歳～19歳,-442,24160,-1.8295
山形県,男,20歳～24歳,-1082,21106,-5.1265
山形県,男,25歳～29歳,-359,21369,-1.68
山形県,男,30歳～34歳,-131,25006,-0.5239
山形県,男,35歳～39歳,-77,29524,-0.2608
山形県,男,40歳～44歳,-35,34036,-0.1028
山形県,男,45歳～49歳,-32,35068,-0.0913
山形県,男,50歳～54歳,-76,31932,-0.238
山形県,男,55歳～59歳,19,34049,0.0558
山形県,男,60歳～64歳,39,37442,0.1042
山形県,男,65歳～69歳,40,42192,0.0948
山形県,男,70歳～74歳,16,41078,0.039
山形県,男,75歳～79歳,20,27523,0.0727
山形県,男,80歳～84歳,5,22070,0.0227
山形県,男,85歳～89歳,-8,15004,-0.0533
山形県,男,90歳以上,0,7521,-0.0
山形県,女,0歳～4歳,12,16645,0.0721
山形県,女,5歳～9歳,-16,19957,-0.0802
山形県,女,10歳～14歳,-23,21893,-0.1051
山形県,女,15歳～19歳,-448,22712,-1.9725
山形県,女,20歳～24歳,-1233,18625,-6.6201
山形県,女,25歳～29歳,-198,19635,-1.0084
山形県,女,30歳～34歳,-28,23824,-0.1175
山形県,女,35歳～39歳,-27,28287,-0.0955
山形県,女,40歳～44歳,3,32161,0.0093
山形県,女,45歳～49歳,-62,34469,-0.1799
山形県,女,50歳～54歳,-37,32200,-0.1149
山形県,女,55歳～59歳,-35,34704,-0.1009
山形県,女,60歳～64歳,-7,38510,-0.0182
山形県,女,65歳～69歳,0,43427,-0.0
山形県,女,70歳～74歳,-6,42221,-0.0142
山形県,女,75歳～79歳,-9,33452,-0.0269
山形県,女,80歳～84歳,-6,32783,-0.0183
山形県,女,85歳～89歳,-9,28736,-0.0313
山形県,女,90歳以上,-12,23547,-0.051
福島県,総数,0歳～4歳,-51,60599,-0.0842
福島県,総数,5歳～9歳,-39,69700,-0.056
福島県,総数,10歳～14歳,-19,75853,-0.025
福島県,総数,15歳～19歳,-1483,81180,-1.8268
福島県,総数,20歳～24歳,-3414,69999,-4.8772
福島県,総数,25歳～29歳,-1106,77439,-1.4282
福島県,総数,30歳～34歳,-449,87929,-0.5106
福島県,総数,35歳～39歳,-132,100339,-0.1316
福島県,総数,40歳～44歳,-69,113742,-0.0607
福島県,総数,45歳～49歳,-129,124300,-0.1038
福島県,総数,50歳～54歳,-116,113593,-0.1021
福島県,総数,55歳～59歳,-18,120442,-0.0149
福島県,総数,60歳～64歳,55,131278,0.0419
福島県,総数,65歳～69歳,-23,145331,-0.0158
福島県,総数,70歳～74歳,46,136439,0.0337
福島県,総数,75歳～79歳,-41,99105,-0.0414
福島県,総数,80歳～84歳,-62,83426,-0.0743
福島県,総数,85歳～89歳,-67,64493,-0.1039
福島県,総数,90歳以上,-80,44031,-0.1817
福島県,男,0歳～4歳,-3,30690,-0.0098
福島県,男,5歳～9歳,-22,35789,-0.0615
福島県,男,10歳～14歳,-45,38889,-0.1157
福島県,男,15歳～19歳,-708,42169,-1.679
福島県,男,20歳～24歳,-1508,37448,-4.0269
福島県,男,25歳～29歳,-570,41082,-1.3875
福島県,男,30歳～34歳,-251,45940,-0.5464
福島県,男,35歳～39歳,-49,52093,-0.0941
福島県,男,40歳～44歳,-12,59183,-0.0203
福島県,男,45歳～49歳,-106,64456,-0.1645
福島県,男,50歳～54歳,-97,57946,-0.1674
福島県,男,55歳～59歳,-19,61032,-0.0311
福島県,男,60歳～64歳,52,65995,0.0788
福島県,男,65歳～69歳,3,72211,0.0042
福島県,男,70歳～74歳,38,67159,0.0566
福島県,男,75歳～79歳,3,44886,0.0067
福島県,男,80歳～84歳,2,33421,0.006
福島県,男,85歳～89歳,-31,21814,-0.1421
福島県,男,90歳以上,-20,10923,-0.1831
福島県,女,0歳～4歳,-48,29909,-0.1605
福島県,女,5歳～9歳,-17,33911,-0.0501
福島県,女,10歳～14歳,26,36964,0.0703
福島県,女,15歳～19歳,-775,39011,-1.9866
福島県,女,20歳～24歳,-1906,32551,-5.8554
福島県,女,25歳～29歳,-536,36357,-1.4743
福島県,女,30歳～34歳,-198,41989,-0.4716
福島県,女,35歳～39歳,-83,48246,-0.172
福島県,女,40歳～44歳,-57,54559,-0.1045
福島県,女,45歳～49歳,-23,59844,-0.0384
福島県,女,50歳～54歳,-19,55647,-0.0341
福島県,女,55歳～59歳,1,59410,0.0017
福島県,女,60歳～64歳,3,65283,0.0046
福島県,女,65歳～69歳,-26,73120,-0.0356
福島県,女,70歳～74歳,8,69280,0.0115
福島県,女,75歳～79歳,-44,54219,-0.0812
福島県,女,80歳～84歳,-64,50005,-0.128
福島県,女,85歳～89歳,-36,42679,-0.0844
福島県,女,90歳以上,-60,33108,-0.1812
茨城県,総数,0歳～4歳,614,96291,0.6377
茨城県,総数,5歳～9歳,286,113607,0.2517
茨城県,総数,10歳～14歳,51,123843,0.0412
茨城県,総数,15歳～19歳,-1444,131147,-1.1011
茨城県,総数,20歳～24歳,-4909,126056,-3.8943
茨城県,総数,25歳～29歳,-1882,126797,-1.4843
茨城県,総数,30歳～34歳,-380,142082,-0.2675
茨城県,総数,35歳～39歳,-201,163540,-0.1229
茨城県,総数,40歳～44歳,157,186596,0.0841
茨城県,総数,45歳～49歳,191,218014,0.0876
茨城県,総数,50歳～54歳,202,190169,0.1062
茨城県,総数,55歳～59歳,132,175479,0.0752
茨城県,総数,60歳～64歳,230,178285,0.129
茨城県,総数,65歳～69歳,260,207763,0.1251
茨城県,総数,70歳～74歳,169,217489,0.0777
茨城県,総数,75歳～79歳,181,164977,0.1097
茨城県,総数,80歳～84歳,104,119281,0.0872
茨城県,総数,85歳～89歳,169,78424,0.2155
茨城県,総数,90歳以上,110,51973,0.2116
茨城県,男,0歳～4歳,344,49240,0.6986
茨城県,男,5歳～9歳,171,58292,0.2934
茨城県,男,10歳～14歳,21,63604,0.033
茨城県,男,15歳～19歳,-759,67778,-1.1198
茨城県,男,20歳～24歳,-2424,67287,-3.6025
茨城県,男,25歳～29歳,-1226,68838,-1.781
茨城県,男,30歳～34歳,-388,75539,-0.5136
茨城県,男,35歳～39歳,-190,85129,-0.2232
茨城県,男,40歳～44歳,66,97008,0.068
茨城県,男,45歳～49歳,163,113423,0.1437
茨城県,男,50歳～54歳,183,98227,0.1863
茨城県,男,55歳～59歳,101,88692,0.1139
茨城県,男,60歳～64歳,107,88986,0.1202
茨城県,男,65歳～69歳,184,102027,0.1803
茨城県,男,70歳～74歳,125,104904,0.1192
茨城県,男,75歳～79歳,146,77840,0.1876
茨城県,男,80歳～84歳,52,52637,0.0988
茨城県,男,85歳～89歳,48,28636,0.1676
茨城県,男,90歳以上,18,13258,0.1358
茨城県,女,0歳～4歳,270,47051,0.5738
茨城県,女,5歳～9歳,115,55315,0.2079
茨城県,女,10歳～14歳,30,60239,0.0498
茨城県,女,15歳～19歳,-685,63369,-1.081
茨城県,女,20歳～24歳,-2485,58769,-4.2284
茨城県,女,25歳～29歳,-656,57959,-1.1318
茨城県,女,30歳～34歳,8,66543,0.012
茨城県,女,35歳～39歳,-11,78411,-0.014
茨城県,女,40歳～44歳,91,89588,0.1016
茨城県,女,45歳～49歳,28,104591,0.0268
茨城県,女,50歳～54歳,19,91942,0.0207
茨城県,女,55歳～59歳,31,86787,0.0357
茨城県,女,60歳～64歳,123,89299,0.1377
茨城県,女,65歳～69歳,76,105736,0.0719
茨城県,女,70歳～74歳,44,112585,0.0391
茨城県,女,75歳～79歳,35,87137,0.0402
茨城県,女,80歳～84歳,52,66644,0.078
茨城県,女,85歳～89歳,121,49788,0.243
茨城県,女,90歳以上,92,38715,0.2376
栃木県,総数,0歳～4歳,114,66024,0.1727
栃木県,総数,5歳～9歳,-64,77301,-0.0828
栃木県,総数,10歳～14歳,-85,84228,-0.1009
栃木県,総数,15歳～19歳,-566,87604,-0.6461
栃木県,総数,20歳～24歳,-1524,81438,-1.8714
栃木県,総数,25歳～29歳,-534,87377,-0.6111
栃木県,総数,30歳～34歳,-182,98988,-0.1839
栃木県,総数,35歳～39歳,-83,113591,-0.0731
栃木県,総数,40歳～44歳,10,129722,0.0077
栃木県,総数,45歳～49歳,84,147820,0.0568
栃木県,総数,50歳～54歳,114,127053,0.0897
栃木県,総数,55歳～59歳,115,118693,0.0969
栃木県,総数,60歳～64歳,125,123325,0.1014
栃木県,総数,65歳～69歳,72,141154,0.051
栃木県,総数,70歳～74歳,135,145589,0.0927
栃木県,総数,75歳～79歳,82,103165,0.0795
栃木県,総数,80歳～84歳,115,75846,0.1516
栃木県,総数,85歳～89歳,26,52977,0.0491
栃木県,総数,90歳以上,35,35650,0.0982
栃木県,男,0歳～4歳,60,34166,0.1756
栃木県,男,5歳～9歳,-35,39679,-0.0882
栃木県,男,10歳～14歳,-44,43386,-0.1014
栃木県,男,15歳～19歳,-313,44828,-0.6982
栃木県,男,20歳～24歳,-344,42818,-0.8034
栃木県,男,25歳～29歳,-303,47561,-0.6371
栃木県,男,30歳～34歳,-178,52481,-0.3392
栃木県,男,35歳～39歳,-107,59528,-0.1797
栃木県,男,40歳～44歳,17,67484,0.0252
栃木県,男,45歳～49歳,82,77078,0.1064
栃木県,男,50歳～54歳,39,64978,0.06
栃木県,男,55歳～59歳,-7,60339,-0.0116
栃木県,男,60歳～64歳,44,61755,0.0712
栃木県,男,65歳～69歳,39,69780,0.0559
栃木県,男,70歳～74歳,77,70963,0.1085
栃木県,男,75歳～79歳,27,47883,0.0564
栃木県,男,80歳～84歳,72,32241,0.2233
栃木県,男,85歳～89歳,19,18882,0.1006
栃木県,男,90歳以上,2,8885,0.0225
栃木県,女,0歳～4歳,54,31858,0.1695
栃木県,女,5歳～9歳,-29,37622,-0.0771
栃木県,女,10歳～14歳,-41,40842,-0.1004
栃木県,女,15歳～19歳,-253,42776,-0.5915
栃木県,女,20歳～24歳,-1180,38620,-3.0554
栃木県,女,25歳～29歳,-231,39816,-0.5802
栃木県,女,30歳～34歳,-4,46507,-0.0086
栃木県,女,35歳～39歳,24,54063,0.0444
栃木県,女,40歳～44歳,-7,62238,-0.0112
栃木県,女,45歳～49歳,2,70742,0.0028
栃木県,女,50歳～54歳,75,62075,0.1208
栃木県,女,55歳～59歳,122,58354,0.2091
栃木県,女,60歳～64歳,81,61570,0.1316
栃木県,女,65歳～69歳,33,71374,0.0462
栃木県,女,70歳～74歳,58,74626,0.0777
栃木県,女,75歳～79歳,55,55282,0.0995
栃木県,女,80歳～84歳,43,43605,0.0986
栃木県,女,85歳～89歳,7,34095,0.0205
栃木県,女,90歳以上,33,26765,0.1233
群馬県,総数,0歳～4歳,219,64476,0.3397
群馬県,総数,5歳～9歳,103,75492,0.1364
群馬県,総数,10歳～14歳,-21,84336,-0.0249
群馬県,総数,15歳～19歳,-72,90433,-0.0796
群馬県,総数,20歳～24歳,-2929,84971,-3.4471
群馬県,総数,25歳～29歳,-887,85309,-1.0397
群馬県,総数,30歳～34歳,-256,92004,-0.2782
群馬県,総数,35歳～39歳,-25,105492,-0.0237
群馬県,総数,40歳～44歳,81,125099,0.0647
群馬県,総数,45歳～49歳,-8,148569,-0.0054
群馬県,総数,50歳～54歳,141,129802,0.1086
群馬県,総数,55歳～59歳,140,118508,0.1181
群馬県,総数,60歳～64歳,246,116044,0.212
群馬県,総数,65歳～69歳,286,134811,0.2121
群馬県,総数,70歳～74歳,296,149463,0.198
群馬県,総数,75歳～79歳,363,112391,0.323
群馬県,総数,80歳～84歳,358,82501,0.4339
群馬県,総数,85歳～89歳,276,57888,0.4768
群馬県,総数,90歳以上,173,39675,0.436
群馬県,男,0歳～4歳,110,33026,0.3331
群馬県,男,5歳～9歳,57,38478,0.1481
群馬県,男,10歳～14歳,-13,43363,-0.03
群馬県,男,15歳～19歳,83,46559,0.1783
群馬県,男,20歳～24歳,-1286,44577,-2.8849
群馬県,男,25歳～29歳,-582,45558,-1.2775
群馬県,男,30歳～34歳,-252,48586,-0.5187
群馬県,男,35歳～39歳,-51,54687,-0.0933
群馬県,男,40歳～44歳,31,64542,0.048
群馬県,男,45歳～49歳,-49,76223,-0.0643
群馬県,男,50歳～54歳,68,66162,0.1028
群馬県,男,55歳～59歳,57,59727,0.0954
群馬県,男,60歳～64歳,167,58083,0.2875
群馬県,男,65歳～69歳,196,66080,0.2966
群馬県,男,70歳～74歳,205,71974,0.2848
群馬県,男,75歳～79歳,263,51843,0.5073
群馬県,男,80歳～84歳,211,34999,0.6029
群馬県,男,85歳～89歳,134,20874,0.6419
群馬県,男,90歳以上,56,10390,0.539
群馬県,女,0歳～4歳,109,31450,0.3466
群馬県,女,5歳～9歳,46,37014,0.1243
群馬県,女,10歳～14歳,-8,40973,-0.0195
群馬県,女,15歳～19歳,-155,43874,-0.3533
群馬県,女,20歳～24歳,-1643,40394,-4.0674
群馬県,女,25歳～29歳,-305,39751,-0.7673
群馬県,女,30歳～34歳,-4,43418,-0.0092
群馬県,女,35歳～39歳,26,50805,0.0512
群馬県,女,40歳～44歳,50,60557,0.0826
群馬県,女,45歳～49歳,41,72346,0.0567
群馬県,女,50歳～54歳,73,63640,0.1147
群馬県,女,55歳～59歳,83,58781,0.1412
群馬県,女,60歳～64歳,79,57961,0.1363
群馬県,女,65歳～69歳,90,68731,0.1309
群馬県,女,70歳～74歳,91,77489,0.1174
群馬県,女,75歳～79歳,100,60548,0.1652
群馬県,女,80歳～84歳,147,47502,0.3095
群馬県,女,85歳～89歳,142,37014,0.3836
群馬県,女,90歳以上,117,29285,0.3995
埼玉県,総数,0歳～4歳,687,259281,0.265
埼玉県,総数,5歳～9歳,197,291527,0.0676
埼玉県,総数,10歳～14歳,51,307576,0.0166
埼玉県,総数,15歳～19歳,2528,326091,0.7752
埼玉県,総数,20歳～24歳,6372,365852,1.7417
埼玉県,総数,25歳～29歳,3390,363962,0.9314
埼玉県,総数,30歳～34歳,2989,383452,0.7795
埼玉県,総数,35歳～39歳,1617,432718,0.3737
埼玉県,総数,40歳～44歳,996,497191,0.2003
埼玉県,総数,45歳～49歳,347,599666,0.0579
埼玉県,総数,50歳～54歳,650,524655,0.1239
埼玉県,総数,55歳～59歳,350,446045,0.0785
埼玉県,総数,60歳～64歳,-57,395556,-0.0144
埼玉県,総数,65歳～69歳,-50,446006,-0.0112
埼玉県,総数,70歳～74歳,150,519102,0.0289
埼玉県,総数,75歳～79歳,409,417252,0.098
埼玉県,総数,80歳～84歳,515,291131,0.1769
埼玉県,総数,85歳～89歳,653,168730,0.387
埼玉県,総数,90歳以上,633,92773,0.6823
埼玉県,男,0歳～4歳,284,132269,0.2147
埼玉県,男,5歳～9歳,45,149221,0.0302
埼玉県,男,10歳～14歳,57,157681,0.0361
埼玉県,男,15歳～19歳,1231,167107,0.7367
埼玉県,男,20歳～24歳,2879,186022,1.5477
埼玉県,男,25歳～29歳,2356,185425,1.2706
埼玉県,男,30歳～34歳,2063,197618,1.0439
埼玉県,男,35歳～39歳,932,222544,0.4188
埼玉県,男,40歳～44歳,437,257372,0.1698
埼玉県,男,45歳～49歳,130,310464,0.0419
埼玉県,男,50歳～54歳,248,270044,0.0918
埼玉県,男,55歳～59歳,127,228466,0.0556
埼玉県,男,60歳～64歳,-117,199198,-0.0587
埼玉県,男,65歳～69歳,-141,218369,-0.0646
埼玉県,男,70歳～74歳,70,245122,0.0286
埼玉県,男,75歳～79歳,224,191865,0.1167
埼玉県,男,80歳～84歳,174,128728,0.1352
埼玉県,男,85歳～89歳,202,64382,0.3138
埼玉県,男,90歳以上,150,24314,0.6169
埼玉県,女,0歳～4歳,403,127012,0.3173
埼玉県,女,5歳～9歳,152,142306,0.1068
埼玉県,女,10歳～14歳,-6,149895,-0.004
埼玉県,女,15歳～19歳,1297,158984,0.8158
埼玉県,女,20歳～24歳,3493,179830,1.9424
埼玉県,女,25歳～29歳,1034,178537,0.5792
埼玉県,女,30歳～34歳,926,185834,0.4983
埼玉県,女,35歳～39歳,685,210174,0.3259
埼玉県,女,40歳～44歳,559,239819,0.2331
埼玉県,女,45歳～49歳,217,289202,0.075
埼玉県,女,50歳～54歳,402,254611,0.1579
埼玉県,女,55歳～59歳,223,217579,0.1025
埼玉県,女,60歳～64歳,60,196358,0.0306
埼玉県,女,65歳～69歳,91,227637,0.04
埼玉県,女,70歳～74歳,80,273980,0.0292
埼玉県,女,75歳～79歳,185,225387,0.0821
埼玉県,女,80歳～84歳,341,162403,0.21
埼玉県,女,85歳～89歳,451,104348,0.4322
埼玉県,女,90歳以上,483,68459,0.7055
千葉県,総数,0歳～4歳,1106,221053,0.5003
千葉県,総数,5歳～9歳,473,248798,0.1901
千葉県,総数,10歳～14歳,77,264645,0.0291
千葉県,総数,15歳～19歳,-522,281545,-0.1854
千葉県,総数,20歳～24歳,807,316219,0.2552
千葉県,総数,25歳～29歳,-764,311470,-0.2453
千葉県,総数,30歳～34歳,1624,329858,0.4923
千葉県,総数,35歳～39歳,1126,372869,0.302
千葉県,総数,40歳～44歳,505,423399,0.1193
千葉県,総数,45歳～49歳,547,507856,0.1077
千葉県,総数,50歳～54歳,515,447662,0.115
千葉県,総数,55歳～59歳,657,382032,0.172
千葉県,総数,60歳～64歳,324,342781,0.0945
千葉県,総数,65歳～69歳,255,387685,0.0658
千葉県,総数,70歳～74歳,195,452539,0.0431
千葉県,総数,75歳～79歳,190,360862,0.0527
千葉県,総数,80歳～84歳,201,254648,0.0789
千葉県,総数,85歳～89歳,283,155155,0.1824
千葉県,総数,90歳以上,236,89102,0.2649
千葉県,男,0歳～4歳,618,112943,0.5472
千葉県,男,5歳～9歳,205,127871,0.1603
千葉県,男,10歳～14歳,-8,135805,-0.0059
千葉県,男,15歳～19歳,-431,144597,-0.2981
千葉県,男,20歳～24歳,-1772,162510,-1.0904
千葉県,男,25歳～29歳,-425,159981,-0.2657
千葉県,男,30歳～34歳,885,170320,0.5196
千葉県,男,35歳～39歳,690,191804,0.3597
千葉県,男,40歳～44歳,268,217679,0.1231
千葉県,男,45歳～49歳,331,261384,0.1266
千葉県,男,50歳～54歳,265,230039,0.1152
千葉県,男,55歳～59歳,297,195269,0.1521
千葉県,男,60歳～64歳,124,171804,0.0722
千葉県,男,65歳～69歳,117,188296,0.0621
千葉県,男,70歳～74歳,124,214087,0.0579
千葉県,男,75歳～79歳,80,165601,0.0483
千葉県,男,80歳～84歳,92,112170,0.082
千葉県,男,85歳～89歳,81,59032,0.1372
千葉県,男,90歳以上,54,23607,0.2287
千葉県,女,0歳～4歳,488,108110,0.4514
千葉県,女,5歳～9歳,268,120927,0.2216
千葉県,女,10歳～14歳,85,128840,0.066
千葉県,女,15歳～19歳,-91,136948,-0.0664
千葉県,女,20歳～24歳,2579,153709,1.6778
千葉県,女,25歳～29歳,-339,151489,-0.2238
千葉県,女,30歳～34歳,739,159538,0.4632
千葉県,女,35歳～39歳,436,181065,0.2408
千葉県,女,40歳～44歳,237,205720,0.1152
千葉県,女,45歳～49歳,216,246472,0.0876
千葉県,女,50歳～54歳,250,217623,0.1149
千葉県,女,55歳～59歳,360,186763,0.1928
千葉県,女,60歳～64歳,200,170977,0.117
千葉県,女,65歳～69歳,138,199389,0.0692
千葉県,女,70歳～74歳,71,238452,0.0298
千葉県,女,75歳～79歳,110,195261,0.0563
千葉県,女,80歳～84歳,109,142478,0.0765
千葉県,女,85歳～89歳,202,96123,0.2101
千葉県,女,90歳以上,182,65495,0.2779
東京都,総数,0歳～4歳,-2483,521062,-0.4765
東京都,総数,5歳～9歳,-446,531824,-0.0839
東京都,総数,10歳～14歳,944,513954,0.1837
東京都,総数,15歳～19歳,12944,544076,2.3791
東京都,総数,20歳～24歳,57263,798823,7.1684
東京都,総数,25歳～29歳,20642,911945,2.2635
東京都,総数,30歳～34歳,544,917440,0.0593
東京都,総数,35歳～39歳,-1832,977812,-0.1874
東京都,総数,40歳～44歳,-2004,1036974,-0.1933
東京都,総数,45歳～49歳,-1455,1155011,-0.126
東京都,総数,50歳～54歳,-2414,1040280,-0.2321
東京都,総数,55歳～59歳,-3774,871685,-0.433
東京都,総数,60歳～64歳,-4222,690147,-0.6118
東京都,総数,65歳～69歳,-2562,678263,-0.3777
東京都,総数,70歳～74歳,-1610,784219,-0.2053
東京都,総数,75歳～79歳,-1591,630144,-0.2525
東京都,総数,80歳～84歳,-939,484955,-0.1936
東京都,総数,85歳～89歳,-995,333257,-0.2986
東京都,総数,90歳以上,-791,196984,-0.4016
東京都,男,0歳～4歳,-1368,266375,-0.5136
東京都,男,5歳～9歳,-214,271910,-0.0787
東京都,男,10歳～14歳,392,263549,0.1487
東京都,男,15歳～19歳,6326,276129,2.291
東京都,男,20歳～24歳,27278,396919,6.8724
東京都,男,25歳～29歳,10122,455638,2.2215
東京都,男,30歳～34歳,-345,462045,-0.0747
東京都,男,35歳～39歳,-1295,497623,-0.2602
東京都,男,40歳～44歳,-1114,526550,-0.2116
東京都,男,45歳～49歳,-986,581577,-0.1695
東京都,男,50歳～54歳,-1454,530006,-0.2743
東京都,男,55歳～59歳,-2008,447995,-0.4482
東京都,男,60歳～64歳,-2636,349242,-0.7548
東京都,男,65歳～69歳,-1717,334802,-0.5128
東京都,男,70歳～74歳,-1254,370863,-0.3381
東京都,男,75歳～79歳,-1155,275795,-0.4188
東京都,男,80歳～84歳,-654,194920,-0.3355
東京都,男,85歳～89歳,-373,118078,-0.3159
東京都,男,90歳以上,-206,51413,-0.4007
東京都,女,0歳～4歳,-1115,254687,-0.4378
東京都,女,5歳～9歳,-232,259914,-0.0893
東京都,女,10歳～14歳,552,250405,0.2204
東京都,女,15歳～19歳,6618,267947,2.4699
東京都,女,20歳～24歳,29985,401904,7.4607
東京都,女,25歳～29歳,10520,456307,2.3055
東京都,女,30歳～34歳,889,455395,0.1952
東京都,女,35歳～39歳,-537,480189,-0.1118
東京都,女,40歳～44歳,-890,510424,-0.1744
東京都,女,45歳～49歳,-469,573434,-0.0818
東京都,女,50歳～54歳,-960,510274,-0.1881
東京都,女,55歳～59歳,-1766,423690,-0.4168
東京都,女,60歳～64歳,-1586,340905,-0.4652
東京都,女,65歳～69歳,-845,343461,-0.246
東京都,女,70歳～74歳,-356,413356,-0.0861
東京都,女,75歳～79歳,-436,354349,-0.123
東京都,女,80歳～84歳,-285,290035,-0.0983
東京都,女,85歳～89歳,-622,215179,-0.2891
東京都,女,90歳以上,-585,145571,-0.4019
神奈川県,総数,0歳～4歳,-1706,331247,-0.515
神奈川県,総数,5歳～9歳,-431,368835,-0.1169
神奈川県,総数,10歳～14歳,-147,385681,-0.0381
神奈川県,総数,15歳～19歳,5271,411249,1.2817
神奈川県,総数,20歳～24歳,17363,487436,3.5621
神奈川県,総数,25歳～29歳,5834,478372,1.2196
神奈川県,総数,30歳～34歳,1201,492072,0.2441
神奈川県,総数,35歳～39歳,35,558799,0.0063
神奈川県,総数,40歳～44歳,114,640821,0.0178
神奈川県,総数,45歳～49歳,71,769873,0.0092
神奈川県,総数,50歳～54歳,89,710551,0.0125
神奈川県,総数,55歳～59歳,-253,593812,-0.0426
神奈川県,総数,60歳～64歳,-583,485933,-0.12
神奈川県,総数,65歳～69歳,-574,509399,-0.1127
神奈川県,総数,70歳～74歳,-196,597514,-0.0328
神奈川県,総数,75歳～79歳,279,484661,0.0576
神奈川県,総数,80歳～84歳,477,355718,0.1341
神奈川県,総数,85歳～89歳,690,227682,0.3031
神奈川県,総数,90歳以上,519,133604,0.3885
神奈川県,男,0歳～4歳,-878,169705,-0.5174
神奈川県,男,5歳～9歳,-245,189180,-0.1295
神奈川県,男,10歳～14歳,-86,197694,-0.0435
神奈川県,男,15歳～19歳,3231,210659,1.5338
神奈川県,男,20歳～24歳,9549,249915,3.8209
神奈川県,男,25歳～29歳,3344,247150,1.353
神奈川県,男,30歳～34歳,925,254070,0.3641
神奈川県,男,35歳～39歳,-18,286852,-0.0063
神奈川県,男,40歳～44歳,-29,328200,-0.0088
神奈川県,男,45歳～49歳,-176,392518,-0.0448
神奈川県,男,50歳～54歳,-62,366880,-0.0169
神奈川県,男,55歳～59歳,-238,307555,-0.0774
神奈川県,男,60歳～64歳,-584,246662,-0.2368
神奈川県,男,65歳～69歳,-460,250337,-0.1838
神奈川県,男,70歳～74歳,-240,282327,-0.085
神奈川県,男,75歳～79歳,-6,218763,-0.0027
神奈川県,男,80歳～84歳,105,153363,0.0685
神奈川県,男,85歳～89歳,135,84852,0.1591
神奈川県,男,90歳以上,117,36021,0.3248
神奈川県,女,0歳～4歳,-828,161542,-0.5126
神奈川県,女,5歳～9歳,-186,179655,-0.1035
神奈川県,女,10歳～14歳,-61,187987,-0.0324
神奈川県,女,15歳～19歳,2040,200590,1.017
神奈川県,女,20歳～24歳,7814,237521,3.2898
神奈川県,女,25歳～29歳,2490,231222,1.0769
神奈川県,女,30歳～34歳,276,238002,0.116
神奈川県,女,35歳～39歳,53,271947,0.0195
神奈川県,女,40歳～44歳,143,312621,0.0457
神奈川県,女,45歳～49歳,247,377355,0.0655
神奈川県,女,50歳～54歳,151,343671,0.0439
神奈川県,女,55歳～59歳,-15,286257,-0.0052
神奈川県,女,60歳～64歳,1,239271,0.0004
神奈川県,女,65歳～69歳,-114,259062,-0.044
神奈川県,女,70歳～74歳,44,315187,0.014
神奈川県,女,75歳～79歳,285,265898,0.1072
神奈川県,女,80歳～84歳,372,202355,0.1838
神奈川県,女,85歳～89歳,555,142830,0.3886
神奈川県,女,90歳以上,402,97583,0.412
新潟県,総数,0歳～4歳,66,71014,0.0929
新潟県,総数,5歳～9歳,-36,84737,-0.0425
新潟県,総数,10歳～14歳,-59,91729,-0.0643
新潟県,総数,15歳～19歳,-822,95565,-0.8601
新潟県,総数,20歳～24歳,-3762,85246,-4.4131
新潟県,総数,25歳～29歳,-1015,88454,-1.1475
新潟県,総数,30歳～34歳,-186,102530,-0.1814
新潟県,総数,35歳～39歳,-77,119188,-0.0646
新潟県,総数,40歳～44歳,-87,140684,-0.0618
新潟県,総数,45歳～49歳,-43,155676,-0.0276
新潟県,総数,50歳～54歳,-133,140685,-0.0945
新潟県,総数,55歳～59歳,-30,137900,-0.0218
新潟県,総数,60歳～64歳,73,144989,0.0503
新潟県,総数,65歳～69歳,10,168337,0.0059
新潟県,総数,70歳～74歳,24,175311,0.0137
新潟県,総数,75歳～79歳,-28,126620,-0.0221
新潟県,総数,80歳～84歳,-94,107739,-0.0872
新潟県,総数,85歳～89歳,-99,80491,-0.123
新潟県,総数,90歳以上,-81,57437,-0.141
新潟県,男,0歳～4歳,10,36373,0.0275
新潟県,男,5歳～9歳,-12,43385,-0.0277
新潟県,男,10歳～14歳,-32,47144,-0.0679
新潟県,男,15歳～19歳,-380,49245,-0.7717
新潟県,男,20歳～24歳,-1486,44518,-3.338
新潟県,男,25歳～29歳,-482,45755,-1.0534
新潟県,男,30歳～34歳,-53,52760,-0.1005
新潟県,男,35歳～39歳,-84,60880,-0.138
新潟県,男,40歳～44歳,-52,71947,-0.0723
新潟県,男,45歳～49歳,20,79065,0.0253
新潟県,男,50歳～54歳,-43,71243,-0.0604
新潟県,男,55歳～59歳,21,68967,0.0304
新潟県,男,60歳～64歳,96,72372,0.1326
新潟県,男,65歳～69歳,11,82377,0.0134
新潟県,男,70歳～74歳,32,84695,0.0378
新潟県,男,75歳～79歳,9,57041,0.0158
新潟県,男,80歳～84歳,-18,44040,-0.0409
新潟県,男,85歳～89歳,-25,27607,-0.0906
新潟県,男,90歳以上,-15,13843,-0.1084
新潟県,女,0歳～4歳,56,34641,0.1617
新潟県,女,5歳～9歳,-24,41352,-0.058
新潟県,女,10歳～14歳,-27,44585,-0.0606
新潟県,女,15歳～19歳,-442,46320,-0.9542
新潟県,女,20歳～24歳,-2276,40728,-5.5883
新潟県,女,25歳～29歳,-533,42699,-1.2483
新潟県,女,30歳～34歳,-133,49770,-0.2672
新潟県,女,35歳～39歳,7,58308,0.012
新潟県,女,40歳～44歳,-35,68737,-0.0509
新潟県,女,45歳～49歳,-63,76611,-0.0822
新潟県,女,50歳～54歳,-90,69442,-0.1296
新潟県,女,55歳～59歳,-51,68933,-0.074
新潟県,女,60歳～64歳,-23,72617,-0.0317
新潟県,女,65歳～69歳,-1,85960,-0.0012
新潟県,女,70歳～74歳,-8,90616,-0.0088
新潟県,女,75歳～79歳,-37,69579,-0.0532
新潟県,女,80歳～84歳,-76,63699,-0.1193
新潟県,女,85歳～89歳,-74,52884,-0.1399
新潟県,女,90歳以上,-66,43594,-0.1514
富山県,総数,0歳～4歳,16,33851,0.0473
富山県,総数,5歳～9歳,-14,38511,-0.0364
富山県,総数,10歳～14歳,-8,42815,-0.0187
富山県,総数,15歳～19歳,-423,45195,-0.9359
富山県,総数,20歳～24歳,-1269,42235,-3.0046
富山県,総数,25歳～29歳,-668,43502,-1.5356
富山県,総数,30歳～34歳,-211,46629,-0.4525
富山県,総数,35歳～39歳,15,53756,0.0279
富山県,総数,40歳～44歳,93,65466,0.1421
富山県,総数,45歳～49歳,23,80645,0.0285
富山県,総数,50歳～54歳,16,67192,0.0238
富山県,総数,55歳～59歳,53,62119,0.0853
富山県,総数,60歳～64歳,69,61313,0.1125
富山県,総数,65歳～69歳,34,70973,0.0479
富山県,総数,70歳～74歳,3,87909,0.0034
富山県,総数,75歳～79歳,-19,64667,-0.0294
富山県,総数,80歳～84歳,-11,48126,-0.0229
富山県,総数,85歳～89歳,5,36085,0.0139
富山県,総数,90歳以上,-28,25248,-0.1109
富山県,男,0歳～4歳,-13,17444,-0.0745
富山県,男,5歳～9歳,-16,19876,-0.0805
富山県,男,10歳～14歳,-8,21975,-0.0364
富山県,男,15歳～19歳,-178,23526,-0.7566
富山県,男,20歳～24歳,-475,22434,-2.1173
富山県,男,25歳～29歳,-417,23188,-1.7983
富山県,男,30歳～34歳,-113,24436,-0.4624
富山県,男,35歳～39歳,56,27771,0.2016
富山県,男,40歳～44歳,61,33804,0.1805
富山県,男,45歳～49歳,16,41154,0.0389
富山県,男,50歳～54歳,36,33794,0.1065
富山県,男,55歳～59歳,42,30669,0.1369
富山県,男,60歳～64歳,50,29967,0.1669
富山県,男,65歳～69歳,27,33950,0.0795
富山県,男,70歳～74歳,15,41514,0.0361
富山県,男,75歳～79歳,-2,28861,-0.0069
富山県,男,80歳～84歳,7,19327,0.0362
富山県,男,85歳～89歳,8,11985,0.0668
富山県,男,90歳以上,-5,6026,-0.083
富山県,女,0歳～4歳,29,16407,0.1768
富山県,女,5歳～9歳,2,18635,0.0107
富山県,女,10歳～14歳,0,20840,-0.0
富山県,女,15歳～19歳,-245,21669,-1.1306
富山県,女,20歳～24歳,-794,19801,-4.0099
富山県,女,25歳～29歳,-251,20314,-1.2356
富山県,女,30歳～34歳,-98,22193,-0.4416
富山県,女,35歳～39歳,-41,25985,-0.1578
富山県,女,40歳～44歳,32,31662,0.1011
富山県,女,45歳～49歳,7,39491,0.0177
富山県,女,50歳～54歳,-20,33398,-0.0599
富山県,女,55歳～59歳,11,31450,0.035
富山県,女,60歳～64歳,19,31346,0.0606
富山県,女,65歳～69歳,7,37023,0.0189
富山県,女,70歳～74歳,-12,46395,-0.0259
富山県,女,75歳～79歳,-17,35806,-0.0475
富山県,女,80歳～84歳,-18,28799,-0.0625
富山県,女,85歳～89歳,-3,24100,-0.0124
富山県,女,90歳以上,-23,19222,-0.1197
石川県,総数,0歳～4歳,-7,40920,-0.0171
石川県,総数,5歳～9歳,-39,46450,-0.084
石川県,総数,10歳～14歳,-76,49726,-0.1528
石川県,総数,15歳～19歳,208,54721,0.3801
石川県,総数,20歳～24歳,-1981,55044,-3.5989
石川県,総数,25歳～29歳,-577,50229,-1.1487
石川県,総数,30歳～34歳,-139,53930,-0.2577
石川県,総数,35歳～39歳,-45,60609,-0.0742
石川県,総数,40歳～44歳,-15,72852,-0.0206
石川県,総数,45歳～49歳,4,87548,0.0046
石川県,総数,50歳～54歳,0,73067,-0.0
石川県,総数,55歳～59歳,-8,67255,-0.0119
石川県,総数,60歳～64歳,17,66128,0.0257
石川県,総数,65歳～69歳,-4,73346,-0.0055
石川県,総数,70歳～74歳,-5,90196,-0.0055
石川県,総数,75歳～79歳,-9,64667,-0.0139
石川県,総数,80歳～84歳,-27,46432,-0.0581
石川県,総数,85歳～89歳,-34,34626,-0.0982
石川県,総数,90歳以上,-37,24393,-0.1517
石川県,男,0歳～4歳,-3,21077,-0.0142
石川県,男,5歳～9歳,-21,23815,-0.0882
石川県,男,10歳～14歳,-18,25212,-0.0714
石川県,男,15歳～19歳,195,28616,0.6814
石川県,男,20歳～24歳,-972,29551,-3.2892
石川県,男,25歳～29歳,-192,25871,-0.7421
石川県,男,30歳～34歳,-38,27546,-0.138
石川県,男,35歳～39歳,-49,30593,-0.1602
石川県,男,40歳～44歳,55,36973,0.1488
石川県,男,45歳～49歳,23,44308,0.0519
石川県,男,50歳～54歳,15,36270,0.0414
石川県,男,55歳～59歳,8,32838,0.0244
石川県,男,60歳～64歳,33,32002,0.1031
石川県,男,65歳～69歳,5,35181,0.0142
石川県,男,70歳～74歳,6,42582,0.0141
石川県,男,75歳～79歳,10,29027,0.0345
石川県,男,80歳～84歳,-4,18764,-0.0213
石川県,男,85歳～89歳,-8,11576,-0.0691
石川県,男,90歳以上,-10,5785,-0.1729
石川県,女,0歳～4歳,-4,19843,-0.0202
石川県,女,5歳～9歳,-18,22635,-0.0795
石川県,女,10歳～14歳,-58,24514,-0.2366
石川県,女,15歳～19歳,13,26105,0.0498
石川県,女,20歳～24歳,-1009,25493,-3.9579
石川県,女,25歳～29歳,-385,24358,-1.5806
石川県,女,30歳～34歳,-101,26384,-0.3828
石川県,女,35歳～39歳,4,30016,0.0133
石川県,女,40歳～44歳,-70,35879,-0.1951
石川県,女,45歳～49歳,-19,43240,-0.0439
石川県,女,50歳～54歳,-15,36797,-0.0408
石川県,女,55歳～59歳,-16,34417,-0.0465
石川県,女,60歳～64歳,-16,34126,-0.0469
石川県,女,65歳～69歳,-9,38165,-0.0236
石川県,女,70歳～74歳,-11,47614,-0.0231
石川県,女,75歳～79歳,-19,35640,-0.0533
石川県,女,80歳～84歳,-23,27668,-0.0831
石川県,女,85歳～89歳,-26,23050,-0.1128
石川県,女,90歳以上,-27,18608,-0.1451
福井県,総数,0歳～4歳,31,28033,0.1106
福井県,総数,5歳～9歳,-32,32208,-0.0994
福井県,総数,10歳～14歳,-3,35303,-0.0085
福井県,総数,15歳～19歳,-337,35201,-0.9574
福井県,総数,20歳～24歳,-1579,31770,-4.9701
福井県,総数,25歳～29歳,-686,33774,-2.0311
福井県,総数,30歳～34歳,-230,37333,-0.6161
福井県,総数,35歳～39歳,-39,41727,-0.0935
福井県,総数,40歳～44歳,-14,48168,-0.0291
福井県,総数,45歳～49歳,-67,55506,-0.1207
福井県,総数,50歳～54歳,-104,47970,-0.2168
福井県,総数,55歳～59歳,41,48332,0.0848
福井県,総数,60歳～64歳,-14,48203,-0.029
福井県,総数,65歳～69歳,-41,53020,-0.0773
福井県,総数,70歳～74歳,2,58338,0.0034
福井県,総数,75歳～79歳,3,42934,0.007
福井県,総数,80歳～84歳,-18,33678,-0.0534
福井県,総数,85歳～89歳,-44,26165,-0.1682
福井県,総数,90歳以上,-26,18549,-0.1402
福井県,男,0歳～4歳,17,14365,0.1183
福井県,男,5歳～9歳,1,16595,0.006
福井県,男,10歳～14歳,1,18141,0.0055
福井県,男,15歳～19歳,-148,18327,-0.8076
福井県,男,20歳～24歳,-646,16773,-3.8514
福井県,男,25歳～29歳,-361,17804,-2.0276
福井県,男,30歳～34歳,-151,19172,-0.7876
福井県,男,35歳～39歳,-44,21205,-0.2075
福井県,男,40歳～44歳,-15,24645,-0.0609
福井県,男,45歳～49歳,-56,28242,-0.1983
福井県,男,50歳～54歳,-61,23892,-0.2553
福井県,男,55歳～59歳,41,24029,0.1706
福井県,男,60歳～64歳,0,23665,-0.0
福井県,男,65歳～69歳,-16,25802,-0.062
福井県,男,70歳～74歳,9,28083,0.032
福井県,男,75歳～79歳,8,19344,0.0414
福井県,男,80歳～84歳,-3,13708,-0.0219
福井県,男,85歳～89歳,-11,9148,-0.1202
福井県,男,90歳以上,-8,4683,-0.1708
福井県,女,0歳～4歳,14,13668,0.1024
福井県,女,5歳～9歳,-33,15613,-0.2114
福井県,女,10歳～14歳,-4,17162,-0.0233
福井県,女,15歳～19歳,-189,16874,-1.1201
福井県,女,20歳～24歳,-933,14997,-6.2212
福井県,女,25歳～29歳,-325,15970,-2.0351
福井県,女,30歳～34歳,-79,18161,-0.435
福井県,女,35歳～39歳,5,20522,0.0244
福井県,女,40歳～44歳,1,23523,0.0043
福井県,女,45歳～49歳,-11,27264,-0.0403
福井県,女,50歳～54歳,-43,24078,-0.1786
福井県,女,55歳～59歳,0,24303,-0.0
福井県,女,60歳～64歳,-14,24538,-0.0571
福井県,女,65歳～69歳,-25,27218,-0.0919
福井県,女,70歳～74歳,-7,30255,-0.0231
福井県,女,75歳～79歳,-5,23590,-0.0212
福井県,女,80歳～84歳,-15,19970,-0.0751
福井県,女,85歳～89歳,-33,17017,-0.1939
福井県,女,90歳以上,-18,13866,-0.1298
山梨県,総数,0歳～4歳,75,26992,0.2779
山梨県,総数,5歳～9歳,19,30718,0.0619
山梨県,総数,10歳～14歳,6,33919,0.0177
山梨県,総数,15歳～19歳,118,38966,0.3028
山梨県,総数,20歳～24歳,-1715,35654,-4.8101
山梨県,総数,25歳～29歳,-239,33762,-0.7079
山梨県,総数,30歳～34歳,-7,36423,-0.0192
山梨県,総数,35歳～39歳,89,41557,0.2142
山梨県,総数,40歳～44歳,136,48494,0.2804
山梨県,総数,45歳～49歳,128,58006,0.2207
山梨県,総数,50歳～54歳,144,55685,0.2586
山梨県,総数,55歳～59歳,69,53201,0.1297
山梨県,総数,60歳～64歳,104,51885,0.2004
山梨県,総数,65歳～69歳,77,56979,0.1351
山梨県,総数,70歳～74歳,80,60154,0.133
山梨県,総数,75歳～79歳,29,46614,0.0622
山梨県,総数,80歳～84歳,-2,36102,-0.0055
山梨県,総数,85歳～89歳,38,26461,0.1436
山梨県,総数,90歳以上,-11,19574,-0.0562
山梨県,男,0歳～4歳,22,13761,0.1599
山梨県,男,5歳～9歳,-4,15636,-0.0256
山梨県,男,10歳～14歳,10,17383,0.0575
山梨県,男,15歳～19歳,23,20307,0.1133
山梨県,男,20歳～24歳,-699,18654,-3.7472
山梨県,男,25歳～29歳,-73,17831,-0.4094
山梨県,男,30歳～34歳,-52,18937,-0.2746
山梨県,男,35歳～39歳,44,21269,0.2069
山梨県,男,40歳～44歳,95,24613,0.386
山梨県,男,45歳～49歳,67,29602,0.2263
山梨県,男,50歳～54歳,97,28141,0.3447
山梨県,男,55歳～59歳,11,26686,0.0412
山梨県,男,60歳～64歳,53,25687,0.2063
山梨県,男,65歳～69歳,45,28078,0.1603
山梨県,男,70歳～74歳,45,28879,0.1558
山梨県,男,75歳～79歳,24,21223,0.1131
山梨県,男,80歳～84歳,-12,15151,-0.0792
山梨県,男,85歳～89歳,9,9535,0.0944
山梨県,男,90歳以上,-6,5183,-0.1158
山梨県,女,0歳～4歳,53,13231,0.4006
山梨県,女,5歳～9歳,23,15082,0.1525
山梨県,女,10歳～14歳,-4,16536,-0.0242
山梨県,女,15歳～19歳,95,18659,0.5091
山梨県,女,20歳～24歳,-1016,17000,-5.9765
山梨県,女,25歳～29歳,-166,15931,-1.042
山梨県,女,30歳～34歳,45,17486,0.2573
山梨県,女,35歳～39歳,45,20288,0.2218
山梨県,女,40歳～44歳,41,23881,0.1717
山梨県,女,45歳～49歳,61,28404,0.2148
山梨県,女,50歳～54歳,47,27544,0.1706
山梨県,女,55歳～59歳,58,26515,0.2187
山梨県,女,60歳～64歳,51,26198,0.1947
山梨県,女,65歳～69歳,32,28901,0.1107
山梨県,女,70歳～74歳,35,31275,0.1119
山梨県,女,75歳～79歳,5,25391,0.0197
山梨県,女,80歳～84歳,10,20951,0.0477
山梨県,女,85歳～89歳,29,16926,0.1713
山梨県,女,90歳以上,-5,14391,-0.0347
長野県,総数,0歳～4歳,417,69990,0.5958
長野県,総数,5歳～9歳,248,82204,0.3017
長野県,総数,10歳～14歳,29,90679,0.032
長野県,総数,15歳～19歳,-1402,91524,-1.5318
長野県,総数,20歳～24歳,-2795,76757,-3.6414
長野県,総数,25歳～29歳,-644,83074,-0.7752
長野県,総数,30歳～34歳,210,91941,0.2284
長野県,総数,35歳～39歳,302,105941,0.2851
長野県,総数,40歳～44歳,390,129673,0.3008
長野県,総数,45歳～49歳,300,151088,0.1986
長野県,総数,50歳～54歳,239,135556,0.1763
長野県,総数,55歳～59歳,294,127368,0.2308
長野県,総数,60歳～64歳,401,125507,0.3195
長野県,総数,65歳～69歳,326,139244,0.2341
長野県,総数,70歳～74歳,158,155625,0.1015
長野県,総数,75歳～79歳,58,124017,0.0468
長野県,総数,80歳～84歳,40,96878,0.0413
長野県,総数,85歳～89歳,15,74011,0.0203
長野県,総数,90歳以上,-1,57167,-0.0017
長野県,男,0歳～4歳,228,35885,0.6354
長野県,男,5歳～9歳,124,42058,0.2948
長野県,男,10歳～14歳,18,46401,0.0388
長野県,男,15歳～19歳,-676,47199,-1.4322
長野県,男,20歳～24歳,-1113,40027,-2.7806
長野県,男,25歳～29歳,-408,43603,-0.9357
長野県,男,30歳～34歳,-53,47342,-0.112
長野県,男,35歳～39歳,179,53976,0.3316
長野県,男,40歳～44歳,204,65890,0.3096
長野県,男,45歳～49歳,144,77102,0.1868
長野県,男,50歳～54歳,68,68527,0.0992
長野県,男,55歳～59歳,126,63658,0.1979
長野県,男,60歳～64歳,255,62016,0.4112
長野県,男,65歳～69歳,194,68256,0.2842
長野県,男,70歳～74歳,101,74874,0.1349
長野県,男,75歳～79歳,32,56993,0.0561
長野県,男,80歳～84歳,28,41206,0.068
長野県,男,85歳～89歳,-1,27606,-0.0036
長野県,男,90歳以上,14,15488,0.0904
長野県,女,0歳～4歳,189,34105,0.5542
長野県,女,5歳～9歳,124,40146,0.3089
長野県,女,10歳～14歳,11,44278,0.0248
長野県,女,15歳～19歳,-726,44325,-1.6379
長野県,女,20歳～24歳,-1682,36730,-4.5794
長野県,女,25歳～29歳,-236,39471,-0.5979
長野県,女,30歳～34歳,263,44599,0.5897
長野県,女,35歳～39歳,123,51965,0.2367
長野県,女,40歳～44歳,186,63783,0.2916
長野県,女,45歳～49歳,156,73986,0.2109
長野県,女,50歳～54歳,171,67029,0.2551
長野県,女,55歳～59歳,168,63710,0.2637
長野県,女,60歳～64歳,146,63491,0.23
長野県,女,65歳～69歳,132,70988,0.1859
長野県,女,70歳～74歳,57,80751,0.0706
長野県,女,75歳～79歳,26,67024,0.0388
長野県,女,80歳～84歳,12,55672,0.0216
長野県,女,85歳～89歳,16,46405,0.0345
長野県,女,90歳以上,-15,41679,-0.036
岐阜県,総数,0歳～4歳,391,68460,0.5711
岐阜県,総数,5歳～9歳,92,82403,0.1116
岐阜県,総数,10歳～14歳,10,89657,0.0112
岐阜県,総数,15歳～19歳,-827,94220,-0.8777
岐阜県,総数,20歳～24歳,-2919,87552,-3.334
岐阜県,総数,25歳～29歳,-1355,82970,-1.6331
岐阜県,総数,30歳～34歳,-227,91668,-0.2476
岐阜県,総数,35歳～39歳,-9,105320,-0.0085
岐阜県,総数,40歳～44歳,28,123910,0.0226
岐阜県,総数,45歳～49歳,6,148261,0.004
岐阜県,総数,50歳～54歳,44,129691,0.0339
岐阜県,総数,55歳～59歳,138,123121,0.1121
岐阜県,総数,60歳～64歳,99,118502,0.0835
岐阜県,総数,65歳～69歳,53,133167,0.0398
岐阜県,総数,70歳～74歳,-12,153050,-0.0078
岐阜県,総数,75歳～79歳,2,116958,0.0017
岐阜県,総数,80歳～84歳,-8,89549,-0.0089
岐阜県,総数,85歳～89歳,7,61399,0.0114
岐阜県,総数,90歳以上,-41,39628,-0.1035
岐阜県,男,0歳～4歳,222,35043,0.6335
岐阜県,男,5歳～9歳,31,42269,0.0733
岐阜県,男,10歳～14歳,9,45854,0.0196
岐阜県,男,15歳～19歳,-507,47985,-1.0566
岐阜県,男,20歳～24歳,-1208,44205,-2.7327
岐阜県,男,25歳～29歳,-428,42631,-1.004
岐阜県,男,30歳～34歳,-105,47115,-0.2229
岐阜県,男,35歳～39歳,21,53301,0.0394
岐阜県,男,40歳～44歳,54,63022,0.0857
岐阜県,男,45歳～49歳,15,74849,0.02
岐阜県,男,50歳～54歳,72,64444,0.1117
岐阜県,男,55歳～59歳,95,60061,0.1582
岐阜県,男,60歳～64歳,80,57258,0.1397
岐阜県,男,65歳～69歳,50,63709,0.0785
岐阜県,男,70歳～74歳,21,73040,0.0288
岐阜県,男,75歳～79歳,4,53162,0.0075
岐阜県,男,80歳～84歳,6,37878,0.0158
岐阜県,男,85歳～89歳,25,22385,0.1117
岐阜県,男,90歳以上,-11,10384,-0.1059
岐阜県,女,0歳～4歳,169,33417,0.5057
岐阜県,女,5歳～9歳,61,40134,0.152
岐阜県,女,10歳～14歳,1,43803,0.0023
岐阜県,女,15歳～19歳,-320,46235,-0.6921
岐阜県,女,20歳～24歳,-1711,43347,-3.9472
岐阜県,女,25歳～29歳,-927,40339,-2.298
岐阜県,女,30歳～34歳,-122,44553,-0.2738
岐阜県,女,35歳～39歳,-30,52019,-0.0577
岐阜県,女,40歳～44歳,-26,60888,-0.0427
岐阜県,女,45歳～49歳,-9,73412,-0.0123
岐阜県,女,50歳～54歳,-28,65247,-0.0429
岐阜県,女,55歳～59歳,43,63060,0.0682
岐阜県,女,60歳～64歳,19,61244,0.031
岐阜県,女,65歳～69歳,3,69458,0.0043
岐阜県,女,70歳～74歳,-33,80010,-0.0412
岐阜県,女,75歳～79歳,-2,63796,-0.0031
岐阜県,女,80歳～84歳,-14,51671,-0.0271
岐阜県,女,85歳～89歳,-18,39014,-0.0461
岐阜県,女,90歳以上,-30,29244,-0.1026
静岡県,総数,0歳～4歳,-253,126776,-0.1996
静岡県,総数,5歳～9歳,-205,149854,-0.1368
静岡県,総数,10歳～14歳,-146,162093,-0.0901
静岡県,総数,15歳～19歳,-2033,162595,-1.2503
静岡県,総数,20歳～24歳,-2540,148873,-1.7062
静岡県,総数,25歳～29歳,-1436,161615,-0.8885
静岡県,総数,30歳～34歳,-727,180883,-0.4019
静岡県,総数,35歳～39歳,-160,205905,-0.0777
静岡県,総数,40歳～44歳,-66,234807,-0.0281
静岡県,総数,45歳～49歳,4,277723,0.0014
静岡県,総数,50歳～54歳,98,247272,0.0396
静岡県,総数,55歳～59歳,168,229010,0.0734
静岡県,総数,60歳～64歳,208,222575,0.0935
静岡県,総数,65歳～69歳,235,247803,0.0948
静岡県,総数,70歳～74歳,136,274672,0.0495
静岡県,総数,75歳～79歳,40,215529,0.0186
静岡県,総数,80歳～84歳,-67,162880,-0.0411
静岡県,総数,85歳～89歳,36,111038,0.0324
静岡県,総数,90歳以上,-3,72360,-0.0041
静岡県,男,0歳～4歳,-158,65181,-0.2424
静岡県,男,5歳～9歳,-62,76849,-0.0807
静岡県,男,10歳～14歳,-41,82948,-0.0494
静岡県,男,15歳～19歳,-1142,84284,-1.3549
静岡県,男,20歳～24歳,-825,77444,-1.0653
静岡県,男,25歳～29歳,-772,86086,-0.8968
静岡県,男,30歳～34歳,-584,94547,-0.6177
静岡県,男,35歳～39歳,-114,106282,-0.1073
静岡県,男,40歳～44歳,-44,120808,-0.0364
静岡県,男,45歳～49歳,35,142540,0.0246
静岡県,男,50歳～54歳,67,126291,0.0531
静岡県,男,55歳～59歳,92,115721,0.0795
静岡県,男,60歳～64歳,110,110980,0.0991
静岡県,男,65歳～69歳,148,121478,0.1218
静岡県,男,70歳～74歳,120,131362,0.0914
静岡県,男,75歳～79歳,48,98296,0.0488
静岡県,男,80歳～84歳,-6,69427,-0.0086
静岡県,男,85歳～89歳,40,40025,0.0999
静岡県,男,90歳以上,10,18733,0.0534
静岡県,女,0歳～4歳,-95,61595,-0.1542
静岡県,女,5歳～9歳,-143,73005,-0.1959
静岡県,女,10歳～14歳,-105,79145,-0.1327
静岡県,女,15歳～19歳,-891,78311,-1.1378
静岡県,女,20歳～24歳,-1715,71429,-2.401
静岡県,女,25歳～29歳,-664,75529,-0.8791
静岡県,女,30歳～34歳,-143,86336,-0.1656
静岡県,女,35歳～39歳,-46,99623,-0.0462
静岡県,女,40歳～44歳,-22,113999,-0.0193
静岡県,女,45歳～49歳,-31,135183,-0.0229
静岡県,女,50歳～54歳,31,120981,0.0256
静岡県,女,55歳～59歳,76,113289,0.0671
静岡県,女,60歳～64歳,98,111595,0.0878
静岡県,女,65歳～69歳,87,126325,0.0689
静岡県,女,70歳～74歳,16,143310,0.0112
静岡県,女,75歳～79歳,-8,117233,-0.0068
静岡県,女,80歳～84歳,-61,93453,-0.0653
静岡県,女,85歳～89歳,-4,71013,-0.0056
静岡県,女,90歳以上,-13,53627,-0.0242
愛知県,総数,0歳～4歳,-557,299823,-0.1858
愛知県,総数,5歳～9歳,-396,330860,-0.1197
愛知県,総数,10歳～14歳,-183,342959,-0.0534
愛知県,総数,15歳～19歳,-506,354902,-0.1426
愛知県,総数,20歳～24歳,1572,390194,0.4029
愛知県,総数,25歳～29歳,595,400116,0.1487
愛知県,総数,30歳～34歳,167,419095,0.0398
愛知県,総数,35歳～39歳,-259,457369,-0.0566
愛知県,総数,40歳～44歳,-595,508725,-0.117
愛知県,総数,45歳～49歳,-307,605189,-0.0507
愛知県,総数,50歳～54歳,-524,522755,-0.1002
愛知県,総数,55歳～59歳,-415,454530,-0.0913
愛知県,総数,60歳～64歳,-483,389838,-0.1239
愛知県,総数,65歳～69歳,-350,414679,-0.0844
愛知県,総数,70歳～74歳,-140,492110,-0.0284
愛知県,総数,75歳～79歳,-19,392361,-0.0048
愛知県,総数,80歳～84歳,82,284700,0.0288
愛知県,総数,85歳～89歳,37,178569,0.0207
愛知県,総数,90歳以上,99,102184,0.0969
愛知県,男,0歳～4歳,-206,153686,-0.134
愛知県,男,5歳～9歳,-161,169781,-0.0948
愛知県,男,10歳～14歳,-64,175738,-0.0364
愛知県,男,15歳～19歳,27,182741,0.0148
愛知県,男,20歳～24歳,1021,201706,0.5062
愛知県,男,25歳～29歳,97,210960,0.046
愛知県,男,30歳～34歳,164,220088,0.0745
愛知県,男,35歳～39歳,-152,237781,-0.0639
愛知県,男,40歳～44歳,-337,262584,-0.1283
愛知県,男,45歳～49歳,-165,311300,-0.053
愛知県,男,50歳～54歳,-348,269112,-0.1293
愛知県,男,55歳～59歳,-285,231687,-0.123
愛知県,男,60歳～64歳,-385,195405,-0.197
愛知県,男,65歳～69歳,-273,201403,-0.1355
愛知県,男,70歳～74歳,-172,233262,-0.0737
愛知県,男,75歳～79歳,-52,180136,-0.0289
愛知県,男,80歳～84歳,-11,123275,-0.0089
愛知県,男,85歳～89歳,-24,65757,-0.0365
愛知県,男,90歳以上,17,26978,0.063
愛知県,女,0歳～4歳,-351,146137,-0.2402
愛知県,女,5歳～9歳,-235,161079,-0.1459
愛知県,女,10歳～14歳,-119,167221,-0.0712
愛知県,女,15歳～19歳,-533,172161,-0.3096
愛知県,女,20歳～24歳,551,188488,0.2923
愛知県,女,25歳～29歳,498,189156,0.2633
愛知県,女,30歳～34歳,3,199007,0.0015
愛知県,女,35歳～39歳,-107,219588,-0.0487
愛知県,女,40歳～44歳,-258,246141,-0.1048
愛知県,女,45歳～49歳,-142,293889,-0.0483
愛知県,女,50歳～54歳,-176,253643,-0.0694
愛知県,女,55歳～59歳,-130,222843,-0.0583
愛知県,女,60歳～64歳,-98,194433,-0.0504
愛知県,女,65歳～69歳,-77,213276,-0.0361
愛知県,女,70歳～74歳,32,258848,0.0124
愛知県,女,75歳～79歳,33,212225,0.0155
愛知県,女,80歳～84歳,93,161425,0.0576
愛知県,女,85歳～89歳,61,112812,0.0541
愛知県,女,90歳以上,82,75206,0.109
三重県,総数,0歳～4歳,-62,61203,-0.1013
三重県,総数,5歳～9歳,-165,71759,-0.2299
三重県,総数,10歳～14歳,-110,78128,-0.1408
三重県,総数,15歳～19歳,-851,80821,-1.0529
三重県,総数,20歳～24歳,-2354,76762,-3.0666
三重県,総数,25歳～29歳,-1311,78396,-1.6723
三重県,総数,30歳～34歳,-451,85359,-0.5284
三重県,総数,35歳～39歳,-96,95620,-0.1004
三重県,総数,40歳～44歳,-133,110992,-0.1198
三重県,総数,45歳～49歳,-61,133919,-0.0455
三重県,総数,50歳～54歳,-145,117395,-0.1235
三重県,総数,55歳～59歳,-48,112233,-0.0428
三重県,総数,60歳～64歳,-18,105555,-0.0171
三重県,総数,65歳～69歳,-23,116426,-0.0198
三重県,総数,70歳～74歳,-12,132144,-0.0091
三重県,総数,75歳～79歳,-9,103499,-0.0087
三重県,総数,80歳～84歳,-34,79163,-0.0429
三重県,総数,85歳～89歳,-64,55436,-0.1154
三重県,総数,90歳以上,-39,35405,-0.1102
三重県,男,0歳～4歳,-58,31410,-0.1847
三重県,男,5歳～9歳,-70,36732,-0.1906
三重県,男,10歳～14歳,-74,39877,-0.1856
三重県,男,15歳～19歳,-458,41305,-1.1088
三重県,男,20歳～24歳,-983,39398,-2.4951
三重県,男,25歳～29歳,-716,41594,-1.7214
三重県,男,30歳～34歳,-233,44344,-0.5254
三重県,男,35歳～39歳,-18,49099,-0.0367
三重県,男,40歳～44歳,-55,56614,-0.0971
三重県,男,45歳～49歳,4,68098,0.0059
三重県,男,50歳～54歳,-95,58912,-0.1613
三重県,男,55歳～59歳,-2,55409,-0.0036
三重県,男,60歳～64歳,44,51351,0.0857
三重県,男,65歳～69歳,-8,55851,-0.0143
三重県,男,70歳～74歳,7,62556,0.0112
三重県,男,75歳～79歳,15,46968,0.0319
三重県,男,80歳～84歳,1,33430,0.003
三重県,男,85歳～89歳,-26,20084,-0.1295
三重県,男,90歳以上,-3,9361,-0.032
三重県,女,0歳～4歳,-4,29793,-0.0134
三重県,女,5歳～9歳,-95,35027,-0.2712
三重県,女,10歳～14歳,-36,38251,-0.0941
三重県,女,15歳～19歳,-393,39516,-0.9945
三重県,女,20歳～24歳,-1371,37364,-3.6693
三重県,女,25歳～29歳,-595,36802,-1.6168
三重県,女,30歳～34歳,-218,41015,-0.5315
三重県,女,35歳～39歳,-78,46521,-0.1677
三重県,女,40歳～44歳,-78,54378,-0.1434
三重県,女,45歳～49歳,-65,65821,-0.0988
三重県,女,50歳～54歳,-50,58483,-0.0855
三重県,女,55歳～59歳,-46,56824,-0.081
三重県,女,60歳～64歳,-62,54204,-0.1144
三重県,女,65歳～69歳,-15,60575,-0.0248
三重県,女,70歳～74歳,-19,69588,-0.0273
三重県,女,75歳～79歳,-24,56531,-0.0425
三重県,女,80歳～84歳,-35,45733,-0.0765
三重県,女,85歳～89歳,-38,35352,-0.1075
三重県,女,90歳以上,-36,26044,-0.1382
滋賀県,総数,0歳～4歳,283,56791,0.4983
滋賀県,総数,5歳～9歳,79,65794,0.1201
滋賀県,総数,10歳～14歳,-12,68784,-0.0174
滋賀県,総数,15歳～19歳,238,71350,0.3336
滋賀県,総数,20歳～24歳,-1299,71038,-1.8286
滋賀県,総数,25歳～29歳,101,65262,0.1548
滋賀県,総数,30歳～34歳,319,73629,0.4333
滋賀県,総数,35歳～39歳,245,83451,0.2936
滋賀県,総数,40歳～44歳,29,95820,0.0303
滋賀県,総数,45歳～49歳,18,109147,0.0165
滋賀県,総数,50歳～54歳,92,91772,0.1002
滋賀県,総数,55歳～59歳,1,84212,0.0012
滋賀県,総数,60歳～64歳,30,79100,0.0379
滋賀県,総数,65歳～69歳,58,86496,0.0671
滋賀県,総数,70歳～74歳,46,96270,0.0478
滋賀県,総数,75歳～79歳,4,71197,0.0056
滋賀県,総数,80歳～84歳,32,51431,0.0622
滋賀県,総数,85歳～89歳,56,35795,0.1564
滋賀県,総数,90歳以上,33,24122,0.1368
滋賀県,男,0歳～4歳,169,29164,0.5795
滋賀県,男,5歳～9歳,44,33807,0.1302
滋賀県,男,10歳～14歳,-11,35401,-0.0311
滋賀県,男,15歳～19歳,214,36960,0.579
滋賀県,男,20歳～24歳,-496,37834,-1.311
滋賀県,男,25歳～29歳,-8,34415,-0.0232
滋賀県,男,30歳～34歳,58,38018,0.1526
滋賀県,男,35歳～39歳,103,42299,0.2435
滋賀県,男,40歳～44歳,37,47910,0.0772
滋賀県,男,45歳～49歳,-12,55207,-0.0217
滋賀県,男,50歳～54歳,57,45796,0.1245
滋賀県,男,55歳～59歳,-39,41611,-0.0937
滋賀県,男,60歳～64歳,-7,38569,-0.0181
滋賀県,男,65歳～69歳,5,42169,0.0119
滋賀県,男,70歳～74歳,3,46062,0.0065
滋賀県,男,75歳～79歳,11,33105,0.0332
滋賀県,男,80歳～84歳,6,22238,0.027
滋賀県,男,85歳～89歳,6,13109,0.0458
滋賀県,男,90歳以上,4,6279,0.0637
滋賀県,女,0歳～4歳,114,27627,0.4126
滋賀県,女,5歳～9歳,35,31987,0.1094
滋賀県,女,10歳～14歳,-1,33383,-0.003
滋賀県,女,15歳～19歳,24,34390,0.0698
滋賀県,女,20歳～24歳,-803,33204,-2.4184
滋賀県,女,25歳～29歳,109,30847,0.3534
滋賀県,女,30歳～34歳,261,35611,0.7329
滋賀県,女,35歳～39歳,142,41152,0.3451
滋賀県,女,40歳～44歳,-8,47910,-0.0167
滋賀県,女,45歳～49歳,30,53940,0.0556
滋賀県,女,50歳～54歳,35,45976,0.0761
滋賀県,女,55歳～59歳,40,42601,0.0939
滋賀県,女,60歳～64歳,37,40531,0.0913
滋賀県,女,65歳～69歳,53,44327,0.1196
滋賀県,女,70歳～74歳,43,50208,0.0856
滋賀県,女,75歳～79歳,-7,38092,-0.0184
滋賀県,女,80歳～84歳,26,29193,0.0891
滋賀県,女,85歳～89歳,50,22686,0.2204
滋賀県,女,90歳以上,29,17843,0.1625
京都府,総数,0歳～4歳,-218,87673,-0.2487
京都府,総数,5歳～9歳,-70,99422,-0.0704
京都府,総数,10歳～14歳,-16,106370,-0.015
京都府,総数,15歳～19歳,2896,122742,2.3594
京都府,総数,20歳～24歳,-1772,143678,-1.2333
京都府,総数,25歳～29歳,-2335,117557,-1.9863
京都府,総数,30歳～34歳,-1165,123208,-0.9456
京都府,総数,35歳～39歳,-377,138716,-0.2718
京都府,総数,40歳～44歳,-143,163121,-0.0877
京都府,総数,45歳～49歳,2,196687,0.001
京都府,総数,50歳～54歳,24,171244,0.014
京都府,総数,55歳～59歳,-20,152683,-0.0131
京都府,総数,60歳～64歳,12,137580,0.0087
京都府,総数,65歳～69歳,-49,154044,-0.0318
京都府,総数,70歳～74歳,-155,195786,-0.0792
京都府,総数,75歳～79歳,-115,150774,-0.0763
京都府,総数,80歳～84歳,-115,109824,-0.1047
京都府,総数,85歳～89歳,-83,75481,-0.11
京都府,総数,90歳以上,-54,48584,-0.1111
京都府,男,0歳～4歳,-113,44921,-0.2516
京都府,男,5歳～9歳,-8,50989,-0.0157
京都府,男,10歳～14歳,-24,54601,-0.044
京都府,男,15歳～19歳,1669,62816,2.657
京都府,男,20歳～24歳,-1207,72975,-1.654
京都府,男,25歳～29歳,-1226,58228,-2.1055
京都府,男,30歳～34歳,-474,61072,-0.7761
京都府,男,35歳～39歳,-167,67929,-0.2458
京都府,男,40歳～44歳,-114,80204,-0.1421
京都府,男,45歳～49歳,-36,96445,-0.0373
京都府,男,50歳～54歳,-15,83620,-0.0179
京都府,男,55歳～59歳,12,73770,0.0163
京都府,男,60歳～64歳,35,66427,0.0527
京都府,男,65歳～69歳,-18,72290,-0.0249
京都府,男,70歳～74歳,-101,89958,-0.1123
京都府,男,75歳～79歳,-54,66770,-0.0809
京都府,男,80歳～84歳,-51,45894,-0.1111
京都府,男,85歳～89歳,-26,27239,-0.0955
京都府,男,90歳以上,-14,12200,-0.1148
京都府,女,0歳～4歳,-105,42752,-0.2456
京都府,女,5歳～9歳,-62,48433,-0.128
京都府,女,10歳～14歳,8,51769,0.0155
京都府,女,15歳～19歳,1227,59926,2.0475
京都府,女,20歳～24歳,-565,70703,-0.7991
京都府,女,25歳～29歳,-1109,59329,-1.8692
京都府,女,30歳～34歳,-691,62136,-1.1121
京都府,女,35歳～39歳,-210,70787,-0.2967
京都府,女,40歳～44歳,-29,82917,-0.035
京都府,女,45歳～49歳,38,100242,0.0379
京都府,女,50歳～54歳,39,87624,0.0445
京都府,女,55歳～59歳,-32,78913,-0.0406
京都府,女,60歳～64歳,-23,71153,-0.0323
京都府,女,65歳～69歳,-31,81754,-0.0379
京都府,女,70歳～74歳,-54,105828,-0.051
京都府,女,75歳～79歳,-61,84004,-0.0726
京都府,女,80歳～84歳,-64,63930,-0.1001
京都府,女,85歳～89歳,-57,48242,-0.1182
京都府,女,90歳以上,-40,36384,-0.1099
大阪府,総数,0歳～4歳,-1233,317414,-0.3885
大阪府,総数,5歳～9歳,5,345940,0.0014
大阪府,総数,10歳～14歳,368,366145,0.1005
大阪府,総数,15歳～19歳,3513,400821,0.8765
大阪府,総数,20歳～24歳,8567,467195,1.8337
大阪府,総数,25歳～29歳,4025,457956,0.8789
大阪府,総数,30歳～34歳,50,467024,0.0107
大阪府,総数,35歳～39歳,-46,501482,-0.0092
大阪府,総数,40歳～44歳,54,572362,0.0094
大阪府,総数,45歳～49歳,226,711919,0.0317
大阪府,総数,50歳～54歳,159,633679,0.0251
大阪府,総数,55歳～59歳,-126,538085,-0.0234
大阪府,総数,60歳～64歳,-246,448981,-0.0548
大阪府,総数,65歳～69歳,-295,499249,-0.0591
大阪府,総数,70歳～74歳,-148,618732,-0.0239
大阪府,総数,75歳～79歳,229,511718,0.0448
大阪府,総数,80歳～84歳,294,374409,0.0785
大阪府,総数,85歳～89歳,157,230635,0.0681
大阪府,総数,90歳以上,114,126980,0.0898
大阪府,男,0歳～4歳,-569,162354,-0.3505
大阪府,男,5歳～9歳,-5,176474,-0.0028
大阪府,男,10歳～14歳,164,187534,0.0875
大阪府,男,15歳～19歳,1537,203718,0.7545
大阪府,男,20歳～24歳,2195,231542,0.948
大阪府,男,25歳～29歳,1615,224908,0.7181
大阪府,男,30歳～34歳,36,230653,0.0156
大阪府,男,35歳～39歳,61,247335,0.0247
大阪府,男,40歳～44歳,-24,280736,-0.0085
大阪府,男,45歳～49歳,148,350481,0.0422
大阪府,男,50歳～54歳,84,311958,0.0269
大阪府,男,55歳～59歳,10,264101,0.0038
大阪府,男,60歳～64歳,-101,218762,-0.0462
大阪府,男,65歳～69歳,-158,237306,-0.0666
大阪府,男,70歳～74歳,-77,284877,-0.027
大阪府,男,75歳～79歳,58,224305,0.0259
大阪府,男,80歳～84歳,158,155510,0.1016
大阪府,男,85歳～89歳,96,81845,0.1173
大阪府,男,90歳以上,25,31502,0.0794
大阪府,女,0歳～4歳,-664,155060,-0.4282
大阪府,女,5歳～9歳,10,169466,0.0059
大阪府,女,10歳～14歳,204,178611,0.1142
大阪府,女,15歳～19歳,1976,197103,1.0025
大阪府,女,20歳～24歳,6372,235653,2.704
大阪府,女,25歳～29歳,2410,233048,1.0341
大阪府,女,30歳～34歳,14,236371,0.0059
大阪府,女,35歳～39歳,-107,254147,-0.0421
大阪府,女,40歳～44歳,78,291626,0.0267
大阪府,女,45歳～49歳,78,361438,0.0216
大阪府,女,50歳～54歳,75,321721,0.0233
大阪府,女,55歳～59歳,-136,273984,-0.0496
大阪府,女,60歳～64歳,-145,230219,-0.063
大阪府,女,65歳～69歳,-137,261943,-0.0523
大阪府,女,70歳～74歳,-71,333855,-0.0213
大阪府,女,75歳～79歳,171,287413,0.0595
大阪府,女,80歳～84歳,136,218899,0.0621
大阪府,女,85歳～89歳,61,148790,0.041
大阪府,女,90歳以上,89,95478,0.0932
兵庫県,総数,0歳～4歳,1033,196475,0.5258
兵庫県,総数,5歳～9歳,250,225034,0.1111
兵庫県,総数,10歳～14歳,-62,238696,-0.026
兵庫県,総数,15歳～19歳,535,249139,0.2147
兵庫県,総数,20歳～24歳,-4958,245645,-2.0184
兵庫県,総数,25歳～29歳,-745,234214,-0.3181
兵庫県,総数,30歳～34歳,925,259573,0.3564
兵庫県,総数,35歳～39歳,469,297280,0.1578
兵庫県,総数,40歳～44歳,306,344704,0.0888
兵庫県,総数,45歳～49歳,-36,421487,-0.0085
兵庫県,総数,50歳～54歳,157,374245,0.042
兵庫県,総数,55歳～59歳,251,338016,0.0743
兵庫県,総数,60歳～64歳,318,311560,0.1021
兵庫県,総数,65歳～69歳,1,343794,0.0003
兵庫県,総数,70歳～74歳,-89,401579,-0.0222
兵庫県,総数,75歳～79歳,-131,314388,-0.0417
兵庫県,総数,80歳～84歳,-113,229724,-0.0492
兵庫県,総数,85歳～89歳,-149,158457,-0.094
兵庫県,総数,90歳以上,-64,98601,-0.0649
兵庫県,男,0歳～4歳,556,100615,0.5526
兵庫県,男,5歳～9歳,142,115268,0.1232
兵庫県,男,10歳～14歳,-7,122259,-0.0057
兵庫県,男,15歳～19歳,189,126328,0.1496
兵庫県,男,20歳～24歳,-2833,119675,-2.3672
兵庫県,男,25歳～29歳,-300,115518,-0.2597
兵庫県,男,30歳～34歳,596,128811,0.4627
兵庫県,男,35歳～39歳,265,145578,0.182
兵庫県,男,40歳～44歳,164,167862,0.0977
兵庫県,男,45歳～49歳,1,204929,0.0005
兵庫県,男,50歳～54歳,69,180698,0.0382
兵庫県,男,55歳～59歳,140,161950,0.0864
兵庫県,男,60歳～64歳,198,148921,0.133
兵庫県,男,65歳～69歳,-2,162876,-0.0012
兵庫県,男,70歳～74歳,-79,186558,-0.0423
兵庫県,男,75歳～79歳,-98,139155,-0.0704
兵庫県,男,80歳～84歳,-65,95143,-0.0683
兵庫県,男,85歳～89歳,-55,56058,-0.0981
兵庫県,男,90歳以上,-2,25093,-0.008
兵庫県,女,0歳～4歳,477,95860,0.4976
兵庫県,女,5歳～9歳,108,109766,0.0984
兵庫県,女,10歳～14歳,-55,116437,-0.0472
兵庫県,女,15歳～19歳,346,122811,0.2817
兵庫県,女,20歳～24歳,-2125,125970,-1.6869
兵庫県,女,25歳～29歳,-445,118696,-0.3749
兵庫県,女,30歳～34歳,329,130762,0.2516
兵庫県,女,35歳～39歳,204,151702,0.1345
兵庫県,女,40歳～44歳,142,176842,0.0803
兵庫県,女,45歳～49歳,-37,216558,-0.0171
兵庫県,女,50歳～54歳,88,193547,0.0455
兵庫県,女,55歳～59歳,111,176066,0.063
兵庫県,女,60歳～64歳,120,162639,0.0738
兵庫県,女,65歳～69歳,3,180918,0.0017
兵庫県,女,70歳～74歳,-10,215021,-0.0047
兵庫県,女,75歳～79歳,-33,175233,-0.0188
兵庫県,女,80歳～84歳,-48,134581,-0.0357
兵庫県,女,85歳～89歳,-94,102399,-0.0918
兵庫県,女,90歳以上,-62,73508,-0.0843
奈良県,総数,0歳～4歳,590,44171,1.3357
奈良県,総数,5歳～9歳,242,52647,0.4597
奈良県,総数,10歳～14歳,134,57453,0.2332
奈良県,総数,15歳～19歳,275,64063,0.4293
奈良県,総数,20歳～24歳,-2272,61073,-3.7201
奈良県,総数,25歳～29歳,-1195,52802,-2.2632
奈良県,総数,30歳～34歳,221,58886,0.3753
奈良県,総数,35歳～39歳,177,68162,0.2597
奈良県,総数,40歳～44歳,110,80146,0.1372
奈良県,総数,45歳～49歳,103,99480,0.1035
奈良県,総数,50歳～54歳,100,89835,0.1113
奈良県,総数,55歳～59歳,147,83444,0.1762
奈良県,総数,60歳～64歳,119,79784,0.1492
奈良県,総数,65歳～69歳,90,91941,0.0979
奈良県,総数,70歳～74歳,2,107976,0.0019
奈良県,総数,75歳～79歳,3,86203,0.0035
奈良県,総数,80歳～84歳,9,61917,0.0145
奈良県,総数,85歳～89歳,33,40576,0.0813
奈良県,総数,90歳以上,42,25963,0.1618
奈良県,男,0歳～4歳,309,22607,1.3668
奈良県,男,5歳～9歳,132,26902,0.4907
奈良県,男,10歳～14歳,79,29206,0.2705
奈良県,男,15歳～19歳,45,32666,0.1378
奈良県,男,20歳～24歳,-1269,29978,-4.2331
奈良県,男,25歳～29歳,-554,25458,-2.1761
奈良県,男,30歳～34歳,50,28715,0.1741
奈良県,男,35歳～39歳,89,32929,0.2703
奈良県,男,40歳～44歳,23,38615,0.0596
奈良県,男,45歳～49歳,39,47902,0.0814
奈良県,男,50歳～54歳,45,42348,0.1063
奈良県,男,55歳～59歳,58,39319,0.1475
奈良県,男,60歳～64歳,47,37511,0.1253
奈良県,男,65歳～69歳,50,43146,0.1159
奈良県,男,70歳～74歳,18,49519,0.0363
奈良県,男,75歳～79歳,15,38899,0.0386
奈良県,男,80歳～84歳,1,26970,0.0037
奈良県,男,85歳～89歳,3,14965,0.02
奈良県,男,90歳以上,17,6646,0.2558
奈良県,女,0歳～4歳,281,21564,1.3031
奈良県,女,5歳～9歳,110,25745,0.4273
奈良県,女,10歳～14歳,55,28247,0.1947
奈良県,女,15歳～19歳,230,31397,0.7326
奈良県,女,20歳～24歳,-1003,31095,-3.2256
奈良県,女,25歳～29歳,-641,27344,-2.3442
奈良県,女,30歳～34歳,171,30171,0.5668
奈良県,女,35歳～39歳,88,35233,0.2498
奈良県,女,40歳～44歳,87,41531,0.2095
奈良県,女,45歳～49歳,64,51578,0.1241
奈良県,女,50歳～54歳,55,47487,0.1158
奈良県,女,55歳～59歳,89,44125,0.2017
奈良県,女,60歳～64歳,72,42273,0.1703
奈良県,女,65歳～69歳,40,48795,0.082
奈良県,女,70歳～74歳,-16,58457,-0.0274
奈良県,女,75歳～79歳,-12,47304,-0.0254
奈良県,女,80歳～84歳,8,34947,0.0229
奈良県,女,85歳～89歳,30,25611,0.1171
奈良県,女,90歳以上,25,19317,0.1294
和歌山県,総数,0歳～4歳,58,30472,0.1903
和歌山県,総数,5歳～9歳,-35,36056,-0.0971
和歌山県,総数,10歳～14歳,-27,38832,-0.0695
和歌山県,総数,15歳～19歳,-522,39950,-1.3066
和歌山県,総数,20歳～24歳,-1562,35094,-4.4509
和歌山県,総数,25歳～29歳,-691,36619,-1.887
和歌山県,総数,30歳～34歳,-166,41696,-0.3981
和歌山県,総数,35歳～39歳,-117,47052,-0.2487
和歌山県,総数,40歳～44歳,-40,54339,-0.0736
和歌山県,総数,45歳～49歳,-35,67306,-0.052
和歌山県,総数,50歳～54歳,47,60797,0.0773
和歌山県,総数,55歳～59歳,92,60813,0.1513
和歌山県,総数,60歳～64歳,139,60038,0.2315
和歌山県,総数,65歳～69歳,63,66533,0.0947
和歌山県,総数,70歳～74歳,39,76291,0.0511
和歌山県,総数,75歳～79歳,7,60024,0.0117
和歌山県,総数,80歳～84歳,-12,46020,-0.0261
和歌山県,総数,85歳～89歳,-36,33876,-0.1063
和歌山県,総数,90歳以上,-15,22756,-0.0659
和歌山県,男,0歳～4歳,27,15646,0.1726
和歌山県,男,5歳～9歳,-42,18341,-0.229
和歌山県,男,10歳～14歳,-3,19897,-0.0151
和歌山県,男,15歳～19歳,-264,20719,-1.2742
和歌山県,男,20歳～24歳,-667,17680,-3.7726
和歌山県,男,25歳～29歳,-342,18640,-1.8348
和歌山県,男,30歳～34歳,-49,20918,-0.2342
和歌山県,男,35歳～39歳,-92,23169,-0.3971
和歌山県,男,40歳～44歳,-33,26952,-0.1224
和歌山県,男,45歳～49歳,13,33157,0.0392
和歌山県,男,50歳～54歳,28,28972,0.0966
和歌山県,男,55歳～59歳,58,28509,0.2034
和歌山県,男,60歳～64歳,106,28799,0.3681
和歌山県,男,65歳～69歳,60,31671,0.1894
和歌山県,男,70歳～74歳,40,35324,0.1132
和歌山県,男,75歳～79歳,21,26159,0.0803
和歌山県,男,80歳～84歳,-10,18561,-0.0539
和歌山県,男,85歳～89歳,-14,11494,-0.1218
和歌山県,男,90歳以上,4,5745,0.0696
和歌山県,女,0歳～4歳,31,14826,0.2091
和歌山県,女,5歳～9歳,7,17715,0.0395
和歌山県,女,10歳～14歳,-24,18935,-0.1267
和歌山県,女,15歳～19歳,-258,19231,-1.3416
和歌山県,女,20歳～24歳,-895,17414,-5.1395
和歌山県,女,25歳～29歳,-349,17979,-1.9412
和歌山県,女,30歳～34歳,-117,20778,-0.5631
和歌山県,女,35歳～39歳,-25,23883,-0.1047
和歌山県,女,40歳～44歳,-7,27387,-0.0256
和歌山県,女,45歳～49歳,-48,34149,-0.1406
和歌山県,女,50歳～54歳,19,31825,0.0597
和歌山県,女,55歳～59歳,34,32304,0.1053
和歌山県,女,60歳～64歳,33,31239,0.1056
和歌山県,女,65歳～69歳,3,34862,0.0086
和歌山県,女,70歳～74歳,-1,40967,-0.0024
和歌山県,女,75歳～79歳,-14,33865,-0.0413
和歌山県,女,80歳～84歳,-2,27459,-0.0073
和歌山県,女,85歳～89歳,-22,22382,-0.0983
和歌山県,女,90歳以上,-19,17011,-0.1117
鳥取県,総数,0歳～4歳,-50,20594,-0.2428
鳥取県,総数,5歳～9歳,-75,23406,-0.3204
鳥取県,総数,10歳～14歳,-38,24330,-0.1562
鳥取県,総数,15歳～19歳,-297,24950,-1.1904
鳥取県,総数,20歳～24歳,-1166,21436,-5.4394
鳥取県,総数,25歳～29歳,-291,21942,-1.3262
鳥取県,総数,30歳～34歳,-65,25747,-0.2525
鳥取県,総数,35歳～39歳,-80,30788,-0.2598
鳥取県,総数,40歳～44歳,-83,34776,-0.2387
鳥取県,総数,45歳～49歳,-1,37993,-0.0026
鳥取県,総数,50歳～54歳,-61,32124,-0.1899
鳥取県,総数,55歳～59歳,36,33348,0.108
鳥取県,総数,60歳～64歳,46,36898,0.1247
鳥取県,総数,65歳～69歳,58,41737,0.139
鳥取県,総数,70歳～74歳,40,42834,0.0934
鳥取県,総数,75歳～79歳,9,30543,0.0295
鳥取県,総数,80歳～84歳,-2,25460,-0.0079
鳥取県,総数,85歳～89歳,-9,20602,-0.0437
鳥取県,総数,90歳以上,1,15870,0.0063
鳥取県,男,0歳～4歳,-27,10698,-0.2524
鳥取県,男,5歳～9歳,-40,11845,-0.3377
鳥取県,男,10歳～14歳,-20,12517,-0.1598
鳥取県,男,15歳～19歳,-161,12905,-1.2476
鳥取県,男,20歳～24歳,-547,11057,-4.9471
鳥取県,男,25歳～29歳,-136,10982,-1.2384
鳥取県,男,30歳～34歳,-33,12982,-0.2542
鳥取県,男,35歳～39歳,-42,15604,-0.2692
鳥取県,男,40歳～44歳,-48,17614,-0.2725
鳥取県,男,45歳～49歳,38,19208,0.1978
鳥取県,男,50歳～54歳,-32,15814,-0.2024
鳥取県,男,55歳～59歳,12,16177,0.0742
鳥取県,男,60歳～64歳,31,17940,0.1728
鳥取県,男,65歳～69歳,28,20422,0.1371
鳥取県,男,70歳～74歳,34,20344,0.1671
鳥取県,男,75歳～79歳,8,13472,0.0594
鳥取県,男,80歳～84歳,-11,9950,-0.1106
鳥取県,男,85歳～89歳,0,6764,-0.0
鳥取県,男,90歳以上,4,3664,0.1092
鳥取県,女,0歳～4歳,-23,9896,-0.2324
鳥取県,女,5歳～9歳,-35,11561,-0.3027
鳥取県,女,10歳～14歳,-18,11813,-0.1524
鳥取県,女,15歳～19歳,-136,12045,-1.1291
鳥取県,女,20歳～24歳,-619,10379,-5.964
鳥取県,女,25歳～29歳,-155,10960,-1.4142
鳥取県,女,30歳～34歳,-32,12765,-0.2507
鳥取県,女,35歳～39歳,-38,15184,-0.2503
鳥取県,女,40歳～44歳,-35,17162,-0.2039
鳥取県,女,45歳～49歳,-39,18785,-0.2076
鳥取県,女,50歳～54歳,-29,16310,-0.1778
鳥取県,女,55歳～59歳,24,17171,0.1398
鳥取県,女,60歳～64歳,15,18958,0.0791
鳥取県,女,65歳～69歳,30,21315,0.1407
鳥取県,女,70歳～74歳,6,22490,0.0267
鳥取県,女,75歳～79歳,1,17071,0.0059
鳥取県,女,80歳～84歳,9,15510,0.058
鳥取県,女,85歳～89歳,-9,13838,-0.065
鳥取県,女,90歳以上,-3,12206,-0.0246
島根県,総数,0歳～4歳,28,24396,0.1148
島根県,総数,5歳～9歳,-2,28104,-0.0071
島根県,総数,10歳～14歳,-35,29141,-0.1201
島根県,総数,15歳～19歳,-467,29813,-1.5664
島根県,総数,20歳～24歳,-931,24179,-3.8504
島根県,総数,25歳～29歳,-189,26608,-0.7103
島根県,総数,30歳～34歳,-71,30254,-0.2347
島根県,総数,35歳～39歳,-23,35115,-0.0655
島根県,総数,40歳～44歳,-24,40509,-0.0592
島根県,総数,45歳～49歳,-17,44705,-0.038
島根県,総数,50歳～54歳,30,38319,0.0783
島根県,総数,55歳～59歳,22,39463,0.0557
島根県,総数,60歳～64歳,56,43691,0.1282
島根県,総数,65歳～69歳,13,50085,0.026
島根県,総数,70歳～74歳,12,55306,0.0217
島根県,総数,75歳～79歳,13,39014,0.0333
島根県,総数,80歳～84歳,-17,33545,-0.0507
島根県,総数,85歳～89歳,-42,28547,-0.1471
島根県,総数,90歳以上,-77,21384,-0.3601
島根県,男,0歳～4歳,13,12586,0.1033
島根県,男,5歳～9歳,9,14518,0.062
島根県,男,10歳～14歳,-17,14898,-0.1141
島根県,男,15歳～19歳,-252,15814,-1.5935
島根県,男,20歳～24歳,-466,12626,-3.6908
島根県,男,25歳～29歳,-153,13770,-1.1111
島根県,男,30歳～34歳,-58,15493,-0.3744
島根県,男,35歳～39歳,-9,17925,-0.0502
島根県,男,40歳～44歳,4,20923,0.0191
島根県,男,45歳～49歳,9,22901,0.0393
島根県,男,50歳～54歳,14,19307,0.0725
島根県,男,55歳～59歳,23,19482,0.1181
島根県,男,60歳～64歳,47,21817,0.2154
島根県,男,65歳～69歳,15,24924,0.0602
島根県,男,70歳～74歳,10,26855,0.0372
島根県,男,75歳～79歳,11,17147,0.0642
島根県,男,80歳～84歳,8,13252,0.0604
島根県,男,85歳～89歳,-11,9820,-0.112
島根県,男,90歳以上,-13,5063,-0.2568
島根県,女,0歳～4歳,15,11810,0.127
島根県,女,5歳～9歳,-11,13586,-0.081
島根県,女,10歳～14歳,-18,14243,-0.1264
島根県,女,15歳～19歳,-215,13999,-1.5358
島根県,女,20歳～24歳,-465,11553,-4.0249
島根県,女,25歳～29歳,-36,12838,-0.2804
島根県,女,30歳～34歳,-13,14761,-0.0881
島根県,女,35歳～39歳,-14,17190,-0.0814
島根県,女,40歳～44歳,-28,19586,-0.143
島根県,女,45歳～49歳,-26,21804,-0.1192
島根県,女,50歳～54歳,16,19012,0.0842
島根県,女,55歳～59歳,-1,19981,-0.005
島根県,女,60歳～64歳,9,21874,0.0411
島根県,女,65歳～69歳,-2,25161,-0.0079
島根県,女,70歳～74歳,2,28451,0.007
島根県,女,75歳～79歳,2,21867,0.0091
島根県,女,80歳～84歳,-25,20293,-0.1232
島根県,女,85歳～89歳,-31,18727,-0.1655
島根県,女,90歳以上,-64,16321,-0.3921
岡山県,総数,0歳～4歳,-137,69216,-0.1979
岡山県,総数,5歳～9歳,-38,78058,-0.0487
岡山県,総数,10歳～14歳,-21,82078,-0.0256
岡山県,総数,15歳～19歳,-615,88431,-0.6955
岡山県,総数,20歳～24歳,-2910,88060,-3.3046
岡山県,総数,25歳～29歳,-1443,83963,-1.7186
岡山県,総数,30歳～34歳,-532,90593,-0.5872
岡山県,総数,35歳～39歳,-144,101460,-0.1419
岡山県,総数,40歳～44歳,-108,115167,-0.0938
岡山県,総数,45歳～49歳,6,136967,0.0044
岡山県,総数,50歳～54歳,35,113152,0.0309
岡山県,総数,55歳～59歳,127,105710,0.1201
岡山県,総数,60歳～64歳,129,108891,0.1185
岡山県,総数,65歳～69歳,123,119937,0.1026
岡山県,総数,70歳～74歳,49,141395,0.0347
岡山県,総数,75歳～79歳,-28,109701,-0.0255
岡山県,総数,80歳～84歳,-31,81421,-0.0381
岡山県,総数,85歳～89歳,-20,62345,-0.0321
岡山県,総数,90歳以上,-36,43192,-0.0833
岡山県,男,0歳～4歳,-114,35280,-0.3231
岡山県,男,5歳～9歳,-24,40117,-0.0598
岡山県,男,10歳～14歳,-10,42527,-0.0235
岡山県,男,15歳～19歳,-345,45167,-0.7638
岡山県,男,20歳～24歳,-1306,44168,-2.9569
岡山県,男,25歳～29歳,-636,42628,-1.492
岡山県,男,30歳～34歳,-233,45373,-0.5135
岡山県,男,35歳～39歳,-100,50602,-0.1976
岡山県,男,40歳～44歳,-65,57847,-0.1124
岡山県,男,45歳～49歳,6,68339,0.0088
岡山県,男,50歳～54歳,46,55488,0.0829
岡山県,男,55歳～59歳,50,51515,0.0971
岡山県,男,60歳～64歳,76,52780,0.144
岡山県,男,65歳～69歳,86,58063,0.1481
岡山県,男,70歳～74歳,35,66474,0.0527
岡山県,男,75歳～79歳,4,49163,0.0081
岡山県,男,80歳～84歳,-16,33582,-0.0476
岡山県,男,85歳～89歳,-4,21951,-0.0182
岡山県,男,90歳以上,-21,10681,-0.1966
岡山県,女,0歳～4歳,-23,33936,-0.0678
岡山県,女,5歳～9歳,-14,37941,-0.0369
岡山県,女,10歳～14歳,-11,39551,-0.0278
岡山県,女,15歳～19歳,-270,43264,-0.6241
岡山県,女,20歳～24歳,-1604,43892,-3.6544
岡山県,女,25歳～29歳,-807,41335,-1.9523
岡山県,女,30歳～34歳,-299,45220,-0.6612
岡山県,女,35歳～39歳,-44,50858,-0.0865
岡山県,女,40歳～44歳,-43,57320,-0.075
岡山県,女,45歳～49歳,0,68628,-0.0
岡山県,女,50歳～54歳,-11,57664,-0.0191
岡山県,女,55歳～59歳,77,54195,0.1421
岡山県,女,60歳～64歳,53,56111,0.0945
岡山県,女,65歳～69歳,37,61874,0.0598
岡山県,女,70歳～74歳,14,74921,0.0187
岡山県,女,75歳～79歳,-32,60538,-0.0529
岡山県,女,80歳～84歳,-15,47839,-0.0314
岡山県,女,85歳～89歳,-16,40394,-0.0396
岡山県,女,90歳以上,-15,32511,-0.0461
広島県,総数,0歳～4歳,-233,105103,-0.2217
広島県,総数,5歳～9歳,-203,121639,-0.1669
広島県,総数,10歳～14歳,-137,125936,-0.1088
広島県,総数,15歳～19歳,-753,128376,-0.5866
広島県,総数,20歳～24歳,-4294,127079,-3.379
広島県,総数,25歳～29歳,-1693,128946,-1.313
広島県,総数,30歳～34歳,-797,140529,-0.5671
広島県,総数,35歳～39歳,-553,156431,-0.3535
広島県,総数,40歳～44歳,-252,179628,-0.1403
広島県,総数,45歳～49歳,-287,214946,-0.1335
広島県,総数,50歳～54歳,-213,181003,-0.1177
広島県,総数,55歳～59歳,-104,163281,-0.0637
広島県,総数,60歳～64歳,-85,159835,-0.0532
広島県,総数,65歳～69歳,-40,179410,-0.0223
広島県,総数,70歳～74歳,-50,210493,-0.0238
広島県,総数,75歳～79歳,-68,161842,-0.042
広島県,総数,80歳～84歳,-69,116963,-0.059
広島県,総数,85歳～89歳,-69,84035,-0.0821
広島県,総数,90歳以上,-21,59188,-0.0355
広島県,男,0歳～4歳,-93,53805,-0.1728
広島県,男,5歳～9歳,-136,62108,-0.219
広島県,男,10歳～14歳,-63,64492,-0.0977
広島県,男,15歳～19歳,-208,66146,-0.3145
広島県,男,20歳～24歳,-1958,65418,-2.9931
広島県,男,25歳～29歳,-1028,66824,-1.5384
広島県,男,30歳～34歳,-478,72427,-0.66
広島県,男,35歳～39歳,-251,79203,-0.3169
広島県,男,40歳～44歳,-108,90158,-0.1198
広島県,男,45歳～49歳,-154,107659,-0.143
広島県,男,50歳～54歳,-115,89958,-0.1278
広島県,男,55歳～59歳,-76,80276,-0.0947
広島県,男,60歳～64歳,-58,77638,-0.0747
広島県,男,65歳～69歳,-13,86629,-0.015
広島県,男,70歳～74歳,-21,99329,-0.0211
広島県,男,75歳～79歳,-35,72246,-0.0484
広島県,男,80歳～84歳,-10,48450,-0.0206
広島県,男,85歳～89歳,-24,29103,-0.0825
広島県,男,90歳以上,-3,14548,-0.0206
広島県,女,0歳～4歳,-140,51298,-0.2729
広島県,女,5歳～9歳,-67,59531,-0.1125
広島県,女,10歳～14歳,-74,61444,-0.1204
広島県,女,15歳～19歳,-545,62230,-0.8758
広島県,女,20歳～24歳,-2336,61661,-3.7885
広島県,女,25歳～29歳,-665,62122,-1.0705
広島県,女,30歳～34歳,-319,68102,-0.4684
広島県,女,35歳～39歳,-302,77228,-0.391
広島県,女,40歳～44歳,-144,89470,-0.1609
広島県,女,45歳～49歳,-133,107287,-0.124
広島県,女,50歳～54歳,-98,91045,-0.1076
広島県,女,55歳～59歳,-28,83005,-0.0337
広島県,女,60歳～64歳,-27,82197,-0.0328
広島県,女,65歳～69歳,-27,92781,-0.0291
広島県,女,70歳～74歳,-29,111164,-0.0261
広島県,女,75歳～79歳,-33,89596,-0.0368
広島県,女,80歳～84歳,-59,68513,-0.0861
広島県,女,85歳～89歳,-45,54932,-0.0819
広島県,女,90歳以上,-18,44640,-0.0403
山口県,総数,0歳～4歳,-30,44446,-0.0675
山口県,総数,5歳～9歳,-5,52581,-0.0095
山口県,総数,10歳～14歳,-89,56581,-0.1573
山口県,総数,15歳～19歳,-403,58552,-0.6883
山口県,総数,20歳～24歳,-2630,53248,-4.9392
山口県,総数,25歳～29歳,-1069,51771,-2.0649
山口県,総数,30歳～34歳,-396,58162,-0.6809
山口県,総数,35歳～39歳,-105,68616,-0.153
山口県,総数,40歳～44歳,-119,80443,-0.1479
山口県,総数,45歳～49歳,-85,95557,-0.089
山口県,総数,50歳～54歳,49,81573,0.0601
山口県,総数,55歳～59歳,18,77754,0.0231
山口県,総数,60歳～64歳,137,84316,0.1625
山口県,総数,65歳～69歳,72,100105,0.0719
山口県,総数,70歳～74歳,8,116908,0.0068
山口県,総数,75歳～79歳,-26,88192,-0.0295
山口県,総数,80歳～84歳,-68,68303,-0.0996
山口県,総数,85歳～89歳,-88,51618,-0.1705
山口県,総数,90歳以上,-78,34831,-0.2239
山口県,男,0歳～4歳,-10,22732,-0.044
山口県,男,5歳～9歳,7,27100,0.0258
山口県,男,10歳～14歳,-33,28875,-0.1143
山口県,男,15歳～19歳,-116,30196,-0.3842
山口県,男,20歳～24歳,-1109,27556,-4.0245
山口県,男,25歳～29歳,-528,26916,-1.9617
山口県,男,30歳～34歳,-185,29802,-0.6208
山口県,男,35歳～39歳,-63,34419,-0.183
山口県,男,40歳～44歳,-88,40385,-0.2179
山口県,男,45歳～49歳,-16,48189,-0.0332
山口県,男,50歳～54歳,49,39301,0.1247
山口県,男,55歳～59歳,17,37457,0.0454
山口県,男,60歳～64歳,103,40351,0.2553
山口県,男,65歳～69歳,69,48226,0.1431
山口県,男,70歳～74歳,14,54095,0.0259
山口県,男,75歳～79歳,7,38151,0.0183
山口県,男,80歳～84歳,-10,26962,-0.0371
山口県,男,85歳～89歳,-23,17354,-0.1325
山口県,男,90歳以上,-16,8246,-0.194
山口県,女,0歳～4歳,-20,21714,-0.0921
山口県,女,5歳～9歳,-12,25481,-0.0471
山口県,女,10歳～14歳,-56,27706,-0.2021
山口県,女,15歳～19歳,-287,28356,-1.0121
山口県,女,20歳～24歳,-1521,25692,-5.9201
山口県,女,25歳～29歳,-541,24855,-2.1766
山口県,女,30歳～34歳,-211,28360,-0.744
山口県,女,35歳～39歳,-42,34197,-0.1228
山口県,女,40歳～44歳,-31,40058,-0.0774
山口県,女,45歳～49歳,-69,47368,-0.1457
山口県,女,50歳～54歳,0,42272,-0.0
山口県,女,55歳～59歳,1,40297,0.0025
山口県,女,60歳～64歳,34,43965,0.0773
山口県,女,65歳～69歳,3,51879,0.0058
山口県,女,70歳～74歳,-6,62813,-0.0096
山口県,女,75歳～79歳,-33,50041,-0.0659
山口県,女,80歳～84歳,-58,41341,-0.1403
山口県,女,85歳～89歳,-65,34264,-0.1897
山口県,女,90歳以上,-62,26585,-0.2332
徳島県,総数,0歳～4歳,-27,22651,-0.1192
徳島県,総数,5歳～9歳,-16,26431,-0.0605
徳島県,総数,10歳～14歳,-39,28047,-0.1391
徳島県,総数,15歳～19歳,-343,29342,-1.169
徳島県,総数,20歳～24歳,-1409,26878,-5.2422
徳島県,総数,25歳～29歳,-456,26312,-1.733
徳島県,総数,30歳～34歳,-79,31085,-0.2541
徳島県,総数,35歳～39歳,-132,37203,-0.3548
徳島県,総数,40歳～44歳,-40,42697,-0.0937
徳島県,総数,45歳～49歳,-12,48856,-0.0246
徳島県,総数,50歳～54歳,56,42543,0.1316
徳島県,総数,55歳～59歳,34,43262,0.0786
徳島県,総数,60歳～64歳,6,47479,0.0126
徳島県,総数,65歳～69歳,18,55523,0.0324
徳島県,総数,70歳～74歳,28,60151,0.0465
徳島県,総数,75歳～79歳,0,41978,-0.0
徳島県,総数,80歳～84歳,-6,34454,-0.0174
徳島県,総数,85歳～89歳,-28,27334,-0.1024
徳島県,総数,90歳以上,-2,18906,-0.0106
徳島県,男,0歳～4歳,-19,11657,-0.163
徳島県,男,5歳～9歳,0,13649,-0.0
徳島県,男,10歳～14歳,-11,14332,-0.0768
徳島県,男,15歳～19歳,-242,14967,-1.6169
徳島県,男,20歳～24歳,-618,13632,-4.5335
徳島県,男,25歳～29歳,-218,13522,-1.6122
徳島県,男,30歳～34歳,-38,15667,-0.2425
徳島県,男,35歳～39歳,-93,18632,-0.4991
徳島県,男,40歳～44歳,-42,21470,-0.1956
徳島県,男,45歳～49歳,-7,23876,-0.0293
徳島県,男,50歳～54歳,56,20584,0.2721
徳島県,男,55歳～59歳,13,20658,0.0629
徳島県,男,60歳～64歳,21,22914,0.0916
徳島県,男,65歳～69歳,19,26883,0.0707
徳島県,男,70歳～74歳,18,28956,0.0622
徳島県,男,75歳～79歳,14,18721,0.0748
徳島県,男,80歳～84歳,-4,13918,-0.0287
徳島県,男,85歳～89歳,-3,9385,-0.032
徳島県,男,90歳以上,0,4495,-0.0
徳島県,女,0歳～4歳,-8,10994,-0.0728
徳島県,女,5歳～9歳,-16,12782,-0.1252
徳島県,女,10歳～14歳,-28,13715,-0.2042
徳島県,女,15歳～19歳,-101,14375,-0.7026
徳島県,女,20歳～24歳,-791,13246,-5.9716
徳島県,女,25歳～29歳,-238,12790,-1.8608
徳島県,女,30歳～34歳,-41,15418,-0.2659
徳島県,女,35歳～39歳,-39,18571,-0.21
徳島県,女,40歳～44歳,2,21227,0.0094
徳島県,女,45歳～49歳,-5,24980,-0.02
徳島県,女,50歳～54歳,0,21959,-0.0
徳島県,女,55歳～59歳,21,22604,0.0929
徳島県,女,60歳～64歳,-15,24565,-0.0611
徳島県,女,65歳～69歳,-1,28640,-0.0035
徳島県,女,70歳～74歳,10,31195,0.0321
徳島県,女,75歳～79歳,-14,23257,-0.0602
徳島県,女,80歳～84歳,-2,20536,-0.0097
徳島県,女,85歳～89歳,-25,17949,-0.1393
徳島県,女,90歳以上,-2,14411,-0.0139
香川県,総数,0歳～4歳,105,33402,0.3144
香川県,総数,5歳～9歳,40,38999,0.1026
香川県,総数,10歳～14歳,-52,41356,-0.1257
香川県,総数,15歳～19歳,-488,42535,-1.1473
香川県,総数,20歳～24歳,-1541,36475,-4.2248
香川県,総数,25歳～29歳,-418,39147,-1.0678
香川県,総数,30歳～34歳,-106,44731,-0.237
香川県,総数,35歳～39歳,36,51628,0.0697
香川県,総数,40歳～44歳,15,61339,0.0245
香川県,総数,45歳～49歳,-21,70820,-0.0297
香川県,総数,50歳～54歳,-28,58415,-0.0479
香川県,総数,55歳～59歳,86,54914,0.1566
香川県,総数,60歳～64歳,81,58052,0.1395
香川県,総数,65歳～69歳,45,65556,0.0686
香川県,総数,70歳～74歳,27,78076,0.0346
香川県,総数,75歳～79歳,30,54466,0.0551
香川県,総数,80歳～84歳,-11,42435,-0.0259
香川県,総数,85歳～89歳,-15,32904,-0.0456
香川県,総数,90歳以上,-23,23096,-0.0996
香川県,男,0歳～4歳,50,17054,0.2932
香川県,男,5歳～9歳,22,20064,0.1096
香川県,男,10歳～14歳,-33,21122,-0.1562
香川県,男,15歳～19歳,-234,22251,-1.0516
香川県,男,20歳～24歳,-723,18666,-3.8734
香川県,男,25歳～29歳,-246,20246,-1.2151
香川県,男,30歳～34歳,-63,22917,-0.2749
香川県,男,35歳～39歳,-23,25910,-0.0888
香川県,男,40歳～44歳,11,30771,0.0357
香川県,男,45歳～49歳,17,35600,0.0478
香川県,男,50歳～54歳,2,29088,0.0069
香川県,男,55歳～59歳,42,26860,0.1564
香川県,男,60歳～64歳,47,28124,0.1671
香川県,男,65歳～69歳,37,31556,0.1173
香川県,男,70歳～74歳,22,37128,0.0593
香川県,男,75歳～79歳,15,24387,0.0615
香川県,男,80歳～84歳,14,17545,0.0798
香川県,男,85歳～89歳,-6,11679,-0.0514
香川県,男,90歳以上,-1,6036,-0.0166
香川県,女,0歳～4歳,55,16348,0.3364
香川県,女,5歳～9歳,18,18935,0.0951
香川県,女,10歳～14歳,-19,20234,-0.0939
香川県,女,15歳～19歳,-254,20284,-1.2522
香川県,女,20歳～24歳,-818,17809,-4.5932
香川県,女,25歳～29歳,-172,18901,-0.91
香川県,女,30歳～34歳,-43,21814,-0.1971
香川県,女,35歳～39歳,59,25718,0.2294
香川県,女,40歳～44歳,4,30568,0.0131
香川県,女,45歳～49歳,-38,35220,-0.1079
香川県,女,50歳～54歳,-30,29327,-0.1023
香川県,女,55歳～59歳,44,28054,0.1568
香川県,女,60歳～64歳,34,29928,0.1136
香川県,女,65歳～69歳,8,34000,0.0235
香川県,女,70歳～74歳,5,40948,0.0122
香川県,女,75歳～79歳,15,30079,0.0499
香川県,女,80歳～84歳,-25,24890,-0.1004
香川県,女,85歳～89歳,-9,21225,-0.0424
香川県,女,90歳以上,-22,17060,-0.129
愛媛県,総数,0歳～4歳,53,43918,0.1207
愛媛県,総数,5歳～9歳,-58,52904,-0.1096
愛媛県,総数,10歳～14歳,-94,56942,-0.1651
愛媛県,総数,15歳～19歳,-969,56405,-1.7179
愛媛県,総数,20歳～24歳,-2530,48334,-5.2344
愛媛県,総数,25歳～29歳,-1160,51731,-2.2424
愛媛県,総数,30歳～34歳,-329,59466,-0.5533
愛媛県,総数,35歳～39歳,-292,69877,-0.4179
愛媛県,総数,40歳～44歳,-165,81256,-0.2031
愛媛県,総数,45歳～49歳,-114,95072,-0.1199
愛媛県,総数,50歳～54歳,-97,81435,-0.1191
愛媛県,総数,55歳～59歳,76,81987,0.0927
愛媛県,総数,60歳～64歳,149,86175,0.1729
愛媛県,総数,65歳～69歳,106,98259,0.1079
愛媛県,総数,70歳～74歳,-24,109484,-0.0219
愛媛県,総数,75歳～79歳,-25,79503,-0.0314
愛媛県,総数,80歳～84歳,-71,63726,-0.1114
愛媛県,総数,85歳～89歳,-68,48480,-0.1403
愛媛県,総数,90歳以上,-82,34827,-0.2354
愛媛県,男,0歳～4歳,35,22420,0.1561
愛媛県,男,5歳～9歳,-18,27306,-0.0659
愛媛県,男,10歳～14歳,-51,29079,-0.1754
愛媛県,男,15歳～19歳,-491,29330,-1.6741
愛媛県,男,20歳～24歳,-1026,24375,-4.2092
愛媛県,男,25歳～29歳,-564,26482,-2.1297
愛媛県,男,30歳～34歳,-188,29804,-0.6308
愛媛県,男,35歳～39歳,-180,34591,-0.5204
愛媛県,男,40歳～44歳,-78,40411,-0.193
愛媛県,男,45歳～49歳,-70,47041,-0.1488
愛媛県,男,50歳～54歳,-45,39284,-0.1146
愛媛県,男,55歳～59歳,72,39206,0.1836
愛媛県,男,60歳～64歳,98,41025,0.2389
愛媛県,男,65歳～69歳,87,46588,0.1867
愛媛県,男,70歳～74歳,2,51244,0.0039
愛媛県,男,75歳～79歳,1,34534,0.0029
愛媛県,男,80歳～84歳,-22,25374,-0.0867
愛媛県,男,85歳～89歳,-7,16587,-0.0422
愛媛県,男,90歳以上,-19,8550,-0.2222
愛媛県,女,0歳～4歳,18,21498,0.0837
愛媛県,女,5歳～9歳,-40,25598,-0.1563
愛媛県,女,10歳～14歳,-43,27863,-0.1543
愛媛県,女,15歳～19歳,-478,27075,-1.7655
愛媛県,女,20歳～24歳,-1504,23959,-6.2774
愛媛県,女,25歳～29歳,-596,25249,-2.3605
愛媛県,女,30歳～34歳,-141,29662,-0.4754
愛媛県,女,35歳～39歳,-112,35286,-0.3174
愛媛県,女,40歳～44歳,-87,40845,-0.213
愛媛県,女,45歳～49歳,-44,48031,-0.0916
愛媛県,女,50歳～54歳,-52,42151,-0.1234
愛媛県,女,55歳～59歳,4,42781,0.0093
愛媛県,女,60歳～64歳,51,45150,0.113
愛媛県,女,65歳～69歳,19,51671,0.0368
愛媛県,女,70歳～74歳,-26,58240,-0.0446
愛媛県,女,75歳～79歳,-26,44969,-0.0578
愛媛県,女,80歳～84歳,-49,38352,-0.1278
愛媛県,女,85歳～89歳,-61,31893,-0.1913
愛媛県,女,90歳以上,-63,26277,-0.2398
高知県,総数,0歳～4歳,-102,21909,-0.4656
高知県,総数,5歳～9歳,-130,25433,-0.5111
高知県,総数,10歳～14歳,-59,27604,-0.2137
高知県,総数,15歳～19歳,-430,29399,-1.4626
高知県,総数,20歳～24歳,-1319,25018,-5.2722
高知県,総数,25歳～29歳,-419,24879,-1.6842
高知県,総数,30歳～34歳,-149,28514,-0.5226
高知県,総数,35歳～39歳,-92,35188,-0.2615
高知県,総数,40歳～44歳,-41,41790,-0.0981
高知県,総数,45歳～49歳,-77,48761,-0.1579
高知県,総数,50歳～54歳,-60,40994,-0.1464
高知県,総数,55歳～59歳,24,42566,0.0564
高知県,総数,60歳～64歳,-3,45091,-0.0067
高知県,総数,65歳～69歳,37,51904,0.0713
高知県,総数,70歳～74歳,1,60090,0.0017
高知県,総数,75歳～79歳,-35,44447,-0.0787
高知県,総数,80歳～84歳,-8,35104,-0.0228
高知県,総数,85歳～89歳,-29,28662,-0.1012
高知県,総数,90歳以上,-26,21580,-0.1205
高知県,男,0歳～4歳,-68,11159,-0.6094
高知県,男,5歳～9歳,-67,12901,-0.5193
高知県,男,10歳～14歳,-23,14212,-0.1618
高知県,男,15歳～19歳,-268,15279,-1.754
高知県,男,20歳～24歳,-653,13072,-4.9954
高知県,男,25歳～29歳,-228,12711,-1.7937
高知県,男,30歳～34歳,-50,14122,-0.3541
高知県,男,35歳～39歳,-48,17469,-0.2748
高知県,男,40歳～44歳,-11,21058,-0.0522
高知県,男,45歳～49歳,-45,24174,-0.1862
高知県,男,50歳～54歳,-32,19728,-0.1622
高知県,男,55歳～59歳,40,20590,0.1943
高知県,男,60歳～64歳,16,21744,0.0736
高知県,男,65歳～69歳,30,24755,0.1212
高知県,男,70歳～74歳,0,28278,-0.0
高知県,男,75歳～79歳,-8,19177,-0.0417
高知県,男,80歳～84歳,2,13952,0.0143
高知県,男,85歳～89歳,-6,9709,-0.0618
高知県,男,90歳以上,-1,5106,-0.0196
高知県,女,0歳～4歳,-34,10750,-0.3163
高知県,女,5歳～9歳,-63,12532,-0.5027
高知県,女,10歳～14歳,-36,13392,-0.2688
高知県,女,15歳～19歳,-162,14120,-1.1473
高知県,女,20歳～24歳,-666,11946,-5.5751
高知県,女,25歳～29歳,-191,12168,-1.5697
高知県,女,30歳～34歳,-99,14392,-0.6879
高知県,女,35歳～39歳,-44,17719,-0.2483
高知県,女,40歳～44歳,-30,20732,-0.1447
高知県,女,45歳～49歳,-32,24587,-0.1302
高知県,女,50歳～54歳,-28,21266,-0.1317
高知県,女,55歳～59歳,-16,21976,-0.0728
高知県,女,60歳～64歳,-19,23347,-0.0814
高知県,女,65歳～69歳,7,27149,0.0258
高知県,女,70歳～74歳,1,31812,0.0031
高知県,女,75歳～79歳,-27,25270,-0.1068
高知県,女,80歳～84歳,-10,21152,-0.0473
高知県,女,85歳～89歳,-23,18953,-0.1214
高知県,女,90歳以上,-25,16474,-0.1518
福岡県,総数,0歳～4歳,702,204888,0.3426
福岡県,総数,5歳～9歳,661,227369,0.2907
福岡県,総数,10歳～14歳,391,229922,0.1701
福岡県,総数,15歳～19歳,1520,236939,0.6415
福岡県,総数,20歳～24歳,-1694,251264,-0.6742
福岡県,総数,25歳～29歳,-908,243524,-0.3729
福岡県,総数,30歳～34歳,804,264980,0.3034
福岡県,総数,35歳～39歳,510,305695,0.1668
福岡県,総数,40歳～44歳,785,337699,0.2325
福岡県,総数,45歳～49歳,549,368781,0.1489
福岡県,総数,50歳～54歳,301,315729,0.0953
福岡県,総数,55歳～59歳,508,291110,0.1745
福岡県,総数,60歳～64歳,345,295632,0.1167
福岡県,総数,65歳～69歳,192,336618,0.057
福岡県,総数,70歳～74歳,148,358807,0.0412
福岡県,総数,75歳～79歳,108,259008,0.0417
福岡県,総数,80歳～84歳,-2,201229,-0.001
福岡県,総数,85歳～89歳,79,143980,0.0549
福岡県,総数,90歳以上,137,95500,0.1435
福岡県,男,0歳～4歳,324,104547,0.3099
福岡県,男,5歳～9歳,319,116658,0.2734
福岡県,男,10歳～14歳,150,117318,0.1279
福岡県,男,15歳～19歳,521,119940,0.4344
福岡県,男,20歳～24歳,-1512,125065,-1.209
福岡県,男,25歳～29歳,-445,117658,-0.3782
福岡県,男,30歳～34歳,514,129454,0.3971
福岡県,男,35歳～39歳,396,149607,0.2647
福岡県,男,40歳～44歳,437,165357,0.2643
福岡県,男,45歳～49歳,320,180696,0.1771
福岡県,男,50歳～54歳,97,151563,0.064
福岡県,男,55歳～59歳,277,138604,0.1998
福岡県,男,60歳～64歳,254,141577,0.1794
福岡県,男,65歳～69歳,111,159688,0.0695
福岡県,男,70歳～74歳,90,165256,0.0545
福岡県,男,75歳～79歳,46,111385,0.0413
福岡県,男,80歳～84歳,-29,78521,-0.0369
福岡県,男,85歳～89歳,21,47262,0.0444
福岡県,男,90歳以上,4,21847,0.0183
福岡県,女,0歳～4歳,378,100341,0.3767
福岡県,女,5歳～9歳,342,110711,0.3089
福岡県,女,10歳～14歳,241,112604,0.214
福岡県,女,15歳～19歳,999,116999,0.8539
福岡県,女,20歳～24歳,-182,126199,-0.1442
福岡県,女,25歳～29歳,-463,125866,-0.3679
福岡県,女,30歳～34歳,290,135526,0.214
福岡県,女,35歳～39歳,114,156088,0.073
福岡県,女,40歳～44歳,348,172342,0.2019
福岡県,女,45歳～49歳,229,188085,0.1218
福岡県,女,50歳～54歳,204,164166,0.1243
福岡県,女,55歳～59歳,231,152506,0.1515
福岡県,女,60歳～64歳,91,154055,0.0591
福岡県,女,65歳～69歳,81,176930,0.0458
福岡県,女,70歳～74歳,58,193551,0.03
福岡県,女,75歳～79歳,62,147623,0.042
福岡県,女,80歳～84歳,27,122708,0.022
福岡県,女,85歳～89歳,58,96718,0.06
福岡県,女,90歳以上,133,73653,0.1806
佐賀県,総数,0歳～4歳,177,32102,0.5514
佐賀県,総数,5歳～9歳,101,36891,0.2738
佐賀県,総数,10歳～14歳,39,39248,0.0994
佐賀県,総数,15歳～19歳,-606,39156,-1.5477
佐賀県,総数,20歳～24歳,-1174,33443,-3.5105
佐賀県,総数,25歳～29歳,-361,33518,-1.077
佐賀県,総数,30歳～34歳,-111,38254,-0.2902
佐賀県,総数,35歳～39歳,139,45369,0.3064
佐賀県,総数,40歳～44歳,136,50188,0.271
佐賀県,総数,45歳～49歳,59,52888,0.1116
佐賀県,総数,50歳～54歳,75,47794,0.1569
佐賀県,総数,55歳～59歳,70,49211,0.1422
佐賀県,総数,60歳～64歳,108,53758,0.2009
佐賀県,総数,65歳～69歳,101,61607,0.1639
佐賀県,総数,70歳～74歳,55,59209,0.0929
佐賀県,総数,75歳～79歳,11,42263,0.026
佐賀県,総数,80歳～84歳,6,35660,0.0168
佐賀県,総数,85歳～89歳,27,27539,0.098
佐賀県,総数,90歳以上,-3,19783,-0.0152
佐賀県,男,0歳～4歳,110,16511,0.6662
佐賀県,男,5歳～9歳,42,18914,0.2221
佐賀県,男,10歳～14歳,32,20130,0.159
佐賀県,男,15歳～19歳,-419,19918,-2.1036
佐賀県,男,20歳～24歳,-504,16366,-3.0796
佐賀県,男,25歳～29歳,-99,16855,-0.5874
佐賀県,男,30歳～34歳,-55,18743,-0.2934
佐賀県,男,35歳～39歳,79,22362,0.3533
佐賀県,男,40歳～44歳,102,24929,0.4092
佐賀県,男,45歳～49歳,26,26107,0.0996
佐賀県,男,50歳～54歳,76,22901,0.3319
佐賀県,男,55歳～59歳,73,23674,0.3084
佐賀県,男,60歳～64歳,62,25806,0.2403
佐賀県,男,65歳～69歳,76,29746,0.2555
佐賀県,男,70歳～74歳,42,28146,0.1492
佐賀県,男,75歳～79歳,6,17973,0.0334
佐賀県,男,80歳～84歳,7,13946,0.0502
佐賀県,男,85歳～89歳,4,9179,0.0436
佐賀県,男,90歳以上,10,4606,0.2171
佐賀県,女,0歳～4歳,67,15591,0.4297
佐賀県,女,5歳～9歳,59,17977,0.3282
佐賀県,女,10歳～14歳,7,19118,0.0366
佐賀県,女,15歳～19歳,-187,19238,-0.972
佐賀県,女,20歳～24歳,-670,17077,-3.9234
佐賀県,女,25歳～29歳,-262,16663,-1.5723
佐賀県,女,30歳～34歳,-56,19511,-0.287
佐賀県,女,35歳～39歳,60,23007,0.2608
佐賀県,女,40歳～44歳,34,25259,0.1346
佐賀県,女,45歳～49歳,33,26781,0.1232
佐賀県,女,50歳～54歳,-1,24893,-0.004
佐賀県,女,55歳～59歳,-3,25537,-0.0117
佐賀県,女,60歳～64歳,46,27952,0.1646
佐賀県,女,65歳～69歳,25,31861,0.0785
佐賀県,女,70歳～74歳,13,31063,0.0419
佐賀県,女,75歳～79歳,5,24290,0.0206
佐賀県,女,80歳～84歳,-1,21714,-0.0046
佐賀県,女,85歳～89歳,23,18360,0.1253
佐賀県,女,90歳以上,-13,15177,-0.0857
長崎県,総数,0歳～4歳,33,49118,0.0672
長崎県,総数,5歳～9歳,-111,56292,-0.1972
長崎県,総数,10歳～14歳,-38,58893,-0.0645
長崎県,総数,15歳～19歳,-1482,57928,-2.5583
長崎県,総数,20歳～24歳,-2185,47667,-4.5839
長崎県,総数,25歳～29歳,-858,50428,-1.7014
長崎県,総数,30歳～34歳,-374,59347,-0.6302
長崎県,総数,35歳～39歳,-233,69179,-0.3368
長崎県,総数,40歳～44歳,-95,77086,-0.1232
長崎県,総数,45歳～49歳,-82,86994,-0.0943
長崎県,総数,50歳～54歳,-43,80890,-0.0532
長崎県,総数,55歳～59歳,-4,84157,-0.0048
長崎県,総数,60歳～64歳,143,92401,0.1548
長崎県,総数,65歳～69歳,103,105939,0.0972
長崎県,総数,70歳～74歳,40,104328,0.0383
長崎県,総数,75歳～79歳,-32,73804,-0.0434
長崎県,総数,80歳～84歳,-116,64209,-0.1807
長崎県,総数,85歳～89歳,-167,48498,-0.3443
長崎県,総数,90歳以上,-106,33575,-0.3157
長崎県,男,0歳～4歳,-21,25216,-0.0833
長崎県,男,5歳～9歳,-31,28808,-0.1076
長崎県,男,10歳～14歳,-25,30314,-0.0825
長崎県,男,15歳～19歳,-839,29702,-2.8247
長崎県,男,20歳～24歳,-908,23697,-3.8317
長崎県,男,25歳～29歳,-413,25244,-1.636
長崎県,男,30歳～34歳,-182,29404,-0.619
長崎県,男,35歳～39歳,-157,33863,-0.4636
長崎県,男,40歳～44歳,-42,37771,-0.1112
長崎県,男,45歳～49歳,-14,42411,-0.033
長崎県,男,50歳～54歳,0,38408,-0.0
長崎県,男,55歳～59歳,15,40208,0.0373
長崎県,男,60歳～64歳,93,44477,0.2091
長崎県,男,65歳～69歳,94,51057,0.1841
長崎県,男,70歳～74歳,50,48911,0.1022
長崎県,男,75歳～79歳,23,31139,0.0739
長崎県,男,80歳～84歳,-24,25191,-0.0953
長崎県,男,85歳～89歳,-32,16431,-0.1948
長崎県,男,90歳以上,-24,7720,-0.3109
長崎県,女,0歳～4歳,54,23902,0.2259
長崎県,女,5歳～9歳,-80,27484,-0.2911
長崎県,女,10歳～14歳,-13,28579,-0.0455
長崎県,女,15歳～19歳,-643,28226,-2.278
長崎県,女,20歳～24歳,-1277,23970,-5.3275
長崎県,女,25歳～29歳,-445,25184,-1.767
長崎県,女,30歳～34歳,-192,29943,-0.6412
長崎県,女,35歳～39歳,-76,35316,-0.2152
長崎県,女,40歳～44歳,-53,39315,-0.1348
長崎県,女,45歳～49歳,-68,44583,-0.1525
長崎県,女,50歳～54歳,-43,42482,-0.1012
長崎県,女,55歳～59歳,-19,43949,-0.0432
長崎県,女,60歳～64歳,50,47924,0.1043
長崎県,女,65歳～69歳,9,54882,0.0164
長崎県,女,70歳～74歳,-10,55417,-0.018
長崎県,女,75歳～79歳,-55,42665,-0.1289
長崎県,女,80歳～84歳,-92,39018,-0.2358
長崎県,女,85歳～89歳,-135,32067,-0.421
長崎県,女,90歳以上,-82,25855,-0.3172
熊本県,総数,0歳～4歳,149,69041,0.2158
熊本県,総数,5歳～9歳,100,78543,0.1273
熊本県,総数,10歳～14歳,19,80782,0.0235
熊本県,総数,15歳～19歳,-819,79371,-1.0319
熊本県,総数,20歳～24歳,-1675,69827,-2.3988
熊本県,総数,25歳～29歳,-659,71763,-0.9183
熊本県,総数,30歳～34歳,8,83016,0.0096
熊本県,総数,35歳～39歳,59,97054,0.0608
熊本県,総数,40歳～44歳,43,106373,0.0404
熊本県,総数,45歳～49歳,-12,112345,-0.0107
熊本県,総数,50歳～54歳,96,101844,0.0943
熊本県,総数,55歳～59歳,137,106541,0.1286
熊本県,総数,60歳～64歳,172,116064,0.1482
熊本県,総数,65歳～69歳,98,129764,0.0755
熊本県,総数,70歳～74歳,86,128314,0.067
熊本県,総数,75歳～79歳,4,92608,0.0043
熊本県,総数,80歳～84歳,-30,80999,-0.037
熊本県,総数,85歳～89歳,-19,63319,-0.03
熊本県,総数,90歳以上,-90,45534,-0.1977
熊本県,男,0歳～4歳,99,35224,0.2811
熊本県,男,5歳～9歳,60,40390,0.1486
熊本県,男,10歳～14歳,32,41225,0.0776
熊本県,男,15歳～19歳,-563,40826,-1.379
熊本県,男,20歳～24歳,-654,34749,-1.8821
熊本県,男,25歳～29歳,-332,35403,-0.9378
熊本県,男,30歳～34歳,109,40814,0.2671
熊本県,男,35歳～39歳,44,47873,0.0919
熊本県,男,40歳～44歳,37,52642,0.0703
熊本県,男,45歳～49歳,1,55101,0.0018
熊本県,男,50歳～54歳,63,48527,0.1298
熊本県,男,55歳～59歳,57,50787,0.1122
熊本県,男,60歳～64歳,145,55927,0.2593
熊本県,男,65歳～69歳,80,62734,0.1275
熊本県,男,70歳～74歳,66,60885,0.1084
熊本県,男,75歳～79歳,36,40059,0.0899
熊本県,男,80歳～84歳,-5,32217,-0.0155
熊本県,男,85歳～89歳,-9,22066,-0.0408
熊本県,男,90歳以上,-24,11226,-0.2138
熊本県,女,0歳～4歳,50,33817,0.1479
熊本県,女,5歳～9歳,40,38153,0.1048
熊本県,女,10歳～14歳,-13,39557,-0.0329
熊本県,女,15歳～19歳,-256,38545,-0.6642
熊本県,女,20歳～24歳,-1021,35078,-2.9107
熊本県,女,25歳～29歳,-327,36360,-0.8993
熊本県,女,30歳～34歳,-101,42202,-0.2393
熊本県,女,35歳～39歳,15,49181,0.0305
熊本県,女,40歳～44歳,6,53731,0.0112
熊本県,女,45歳～49歳,-13,57244,-0.0227
熊本県,女,50歳～54歳,33,53317,0.0619
熊本県,女,55歳～59歳,80,55754,0.1435
熊本県,女,60歳～64歳,27,60137,0.0449
熊本県,女,65歳～69歳,18,67030,0.0269
熊本県,女,70歳～74歳,20,67429,0.0297
熊本県,女,75歳～79歳,-32,52549,-0.0609
熊本県,女,80歳～84歳,-25,48782,-0.0512
熊本県,女,85歳～89歳,-10,41253,-0.0242
熊本県,女,90歳以上,-66,34308,-0.1924
大分県,総数,0歳～4歳,-54,39991,-0.135
大分県,総数,5歳～9歳,-28,46097,-0.0607
大分県,総数,10歳～14歳,-37,49184,-0.0752
大分県,総数,15歳～19歳,-698,48706,-1.4331
大分県,総数,20歳～24歳,-2074,42772,-4.849
大分県,総数,25歳～29歳,-458,44004,-1.0408
大分県,総数,30歳～34歳,-125,50903,-0.2456
大分県,総数,35歳～39歳,69,59886,0.1152
大分県,総数,40歳～44歳,-7,69544,-0.0101
大分県,総数,45歳～49歳,38,75712,0.0502
大分県,総数,50歳～54歳,79,65569,0.1205
大分県,総数,55歳～59歳,104,65956,0.1577
大分県,総数,60歳～64歳,168,73475,0.2286
大分県,総数,65歳～69歳,125,84717,0.1476
大分県,総数,70歳～74歳,42,91083,0.0461
大分県,総数,75歳～79歳,-10,67123,-0.0149
大分県,総数,80歳～84歳,-33,54388,-0.0607
大分県,総数,85歳～89歳,-42,42173,-0.0996
大分県,総数,90歳以上,-31,29708,-0.1043
大分県,男,0歳～4歳,-28,20394,-0.1373
大分県,男,5歳～9歳,-9,23615,-0.0381
大分県,男,10歳～14歳,-12,25094,-0.0478
大分県,男,15歳～19歳,-331,25297,-1.3085
大分県,男,20歳～24歳,-846,21769,-3.8863
大分県,男,25歳～29歳,-88,22490,-0.3913
大分県,男,30歳～34歳,-76,25645,-0.2964
大分県,男,35歳～39歳,80,29924,0.2673
大分県,男,40歳～44歳,27,34919,0.0773
大分県,男,45歳～49歳,27,37453,0.0721
大分県,男,50歳～54歳,78,31621,0.2467
大分県,男,55歳～59歳,65,31425,0.2068
大分県,男,60歳～64歳,109,35036,0.3111
大分県,男,65歳～69歳,90,40524,0.2221
大分県,男,70歳～74歳,25,42557,0.0587
大分県,男,75歳～79歳,27,29168,0.0926
大分県,男,80歳～84歳,-6,21635,-0.0277
大分県,男,85歳～89歳,-10,14573,-0.0686
大分県,男,90歳以上,-8,7384,-0.1083
大分県,女,0歳～4歳,-26,19597,-0.1327
大分県,女,5歳～9歳,-19,22482,-0.0845
大分県,女,10歳～14歳,-25,24090,-0.1038
大分県,女,15歳～19歳,-367,23409,-1.5678
大分県,女,20歳～24歳,-1228,21003,-5.8468
大分県,女,25歳～29歳,-370,21514,-1.7198
大分県,女,30歳～34歳,-49,25258,-0.194
大分県,女,35歳～39歳,-11,29962,-0.0367
大分県,女,40歳～44歳,-34,34625,-0.0982
大分県,女,45歳～49歳,11,38259,0.0288
大分県,女,50歳～54歳,1,33948,0.0029
大分県,女,55歳～59歳,39,34531,0.1129
大分県,女,60歳～64歳,59,38439,0.1535
大分県,女,65歳～69歳,35,44193,0.0792
大分県,女,70歳～74歳,17,48526,0.035
大分県,女,75歳～79歳,-37,37955,-0.0975
大分県,女,80歳～84歳,-27,32753,-0.0824
大分県,女,85歳～89歳,-32,27600,-0.1159
大分県,女,90歳以上,-23,22324,-0.103
宮崎県,総数,0歳～4歳,64,41185,0.1554
宮崎県,総数,5歳～9歳,-43,48053,-0.0895
宮崎県,総数,10歳～14歳,19,50535,0.0376
宮崎県,総数,15歳～19歳,-1407,47347,-2.9717
宮崎県,総数,20歳～24歳,-1593,37831,-4.2108
宮崎県,総数,25歳～29歳,-473,40751,-1.1607
宮崎県,総数,30歳～34歳,36,48204,0.0747
宮崎県,総数,35歳～39歳,-10,58119,-0.0172
宮崎県,総数,40歳～44歳,65,65901,0.0986
宮崎県,総数,45歳～49歳,7,69907,0.01
宮崎県,総数,50歳～54歳,100,61273,0.1632
宮崎県,総数,55歳～59歳,62,65291,0.095
宮崎県,総数,60歳～64歳,99,73631,0.1345
宮崎県,総数,65歳～69歳,133,83262,0.1597
宮崎県,総数,70歳～74歳,108,83797,0.1289
宮崎県,総数,75歳～79歳,-18,59135,-0.0304
宮崎県,総数,80歳～84歳,-53,50866,-0.1042
宮崎県,総数,85歳～89歳,-86,39905,-0.2155
宮崎県,総数,90歳以上,-34,27578,-0.1233
宮崎県,男,0歳～4歳,28,20986,0.1334
宮崎県,男,5歳～9歳,1,24519,0.0041
宮崎県,男,10歳～14歳,17,25890,0.0657
宮崎県,男,15歳～19歳,-832,24315,-3.4218
宮崎県,男,20歳～24歳,-592,18875,-3.1364
宮崎県,男,25歳～29歳,-271,20499,-1.322
宮崎県,男,30歳～34歳,18,23489,0.0766
宮崎県,男,35歳～39歳,-17,28207,-0.0603
宮崎県,男,40歳～44歳,64,32503,0.1969
宮崎県,男,45歳～49歳,-11,34158,-0.0322
宮崎県,男,50歳～54歳,95,29307,0.3242
宮崎県,男,55歳～59歳,61,31140,0.1959
宮崎県,男,60歳～64歳,68,35171,0.1933
宮崎県,男,65歳～69歳,85,40011,0.2124
宮崎県,男,70歳～74歳,83,39184,0.2118
宮崎県,男,75歳～79歳,16,25867,0.0619
宮崎県,男,80歳～84歳,2,20389,0.0098
宮崎県,男,85歳～89歳,-28,14010,-0.1999
宮崎県,男,90歳以上,-6,6679,-0.0898
宮崎県,女,0歳～4歳,36,20199,0.1782
宮崎県,女,5歳～9歳,-44,23534,-0.187
宮崎県,女,10歳～14歳,2,24645,0.0081
宮崎県,女,15歳～19歳,-575,23032,-2.4965
宮崎県,女,20歳～24歳,-1001,18956,-5.2806
宮崎県,女,25歳～29歳,-202,20252,-0.9974
宮崎県,女,30歳～34歳,18,24715,0.0728
宮崎県,女,35歳～39歳,7,29912,0.0234
宮崎県,女,40歳～44歳,1,33398,0.003
宮崎県,女,45歳～49歳,18,35749,0.0504
宮崎県,女,50歳～54歳,5,31966,0.0156
宮崎県,女,55歳～59歳,1,34151,0.0029
宮崎県,女,60歳～64歳,31,38460,0.0806
宮崎県,女,65歳～69歳,48,43251,0.111
宮崎県,女,70歳～74歳,25,44613,0.056
宮崎県,女,75歳～79歳,-34,33268,-0.1022
宮崎県,女,80歳～84歳,-55,30477,-0.1805
宮崎県,女,85歳～89歳,-58,25895,-0.224
宮崎県,女,90歳以上,-28,20899,-0.134
鹿児島県,総数,0歳～4歳,42,60923,0.0689
鹿児島県,総数,5歳～9歳,-51,71028,-0.0718
鹿児島県,総数,10歳～14歳,-143,73430,-0.1947
鹿児島県,総数,15歳～19歳,-2669,69177,-3.8582
鹿児島県,総数,20歳～24歳,-1990,54238,-3.669
鹿児島県,総数,25歳～29歳,-687,58780,-1.1688
鹿児島県,総数,30歳～34歳,-239,71089,-0.3362
鹿児島県,総数,35歳～39歳,53,85950,0.0617
鹿児島県,総数,40歳～44歳,-13,93195,-0.0139
鹿児島県,総数,45歳～49歳,44,97009,0.0454
鹿児島県,総数,50歳～54歳,152,90651,0.1677
鹿児島県,総数,55歳～59歳,248,98561,0.2516
鹿児島県,総数,60歳～64歳,261,113544,0.2299
鹿児島県,総数,65歳～69歳,205,126472,0.1621
鹿児島県,総数,70歳～74歳,46,117065,0.0393
鹿児島県,総数,75歳～79歳,23,83745,0.0275
鹿児島県,総数,80歳～84歳,-58,75138,-0.0772
鹿児島県,総数,85歳～89歳,-106,59900,-0.177
鹿児島県,総数,90歳以上,-121,43571,-0.2777
鹿児島県,男,0歳～4歳,8,31117,0.0257
鹿児島県,男,5歳～9歳,-18,36492,-0.0493
鹿児島県,男,10歳～14歳,-44,38033,-0.1157
鹿児島県,男,15歳～19歳,-1576,35044,-4.4972
鹿児島県,男,20歳～24歳,-709,26104,-2.7161
鹿児島県,男,25歳～29歳,-186,28190,-0.6598
鹿児島県,男,30歳～34歳,-31,33981,-0.0912
鹿児島県,男,35歳～39歳,112,41259,0.2715
鹿児島県,男,40歳～44歳,16,44996,0.0356
鹿児島県,男,45歳～49歳,69,47150,0.1463
鹿児島県,男,50歳～54歳,133,42932,0.3098
鹿児島県,男,55歳～59歳,193,47061,0.4101
鹿児島県,男,60歳～64歳,199,54974,0.362
鹿児島県,男,65歳～69歳,181,62204,0.291
鹿児島県,男,70歳～74歳,80,56533,0.1415
鹿児島県,男,75歳～79歳,47,36919,0.1273
鹿児島県,男,80歳～84歳,7,30036,0.0233
鹿児島県,男,85歳～89歳,-22,20678,-0.1064
鹿児島県,男,90歳以上,-11,10245,-0.1074
鹿児島県,女,0歳～4歳,34,29806,0.1141
鹿児島県,女,5歳～9歳,-33,34536,-0.0956
鹿児島県,女,10歳～14歳,-99,35397,-0.2797
鹿児島県,女,15歳～19歳,-1093,34133,-3.2022
鹿児島県,女,20歳～24歳,-1281,28134,-4.5532
鹿児島県,女,25歳～29歳,-501,30590,-1.6378
鹿児島県,女,30歳～34歳,-208,37108,-0.5605
鹿児島県,女,35歳～39歳,-59,44691,-0.132
鹿児島県,女,40歳～44歳,-29,48199,-0.0602
鹿児島県,女,45歳～49歳,-25,49859,-0.0501
鹿児島県,女,50歳～54歳,19,47719,0.0398
鹿児島県,女,55歳～59歳,55,51500,0.1068
鹿児島県,女,60歳～64歳,62,58570,0.1059
鹿児島県,女,65歳～69歳,24,64268,0.0373
鹿児島県,女,70歳～74歳,-34,60532,-0.0562
鹿児島県,女,75歳～79歳,-24,46826,-0.0513
鹿児島県,女,80歳～84歳,-65,45102,-0.1441
鹿児島県,女,85歳～89歳,-84,39222,-0.2142
鹿児島県,女,90歳以上,-110,33326,-0.3301
沖縄県,総数,0歳～4歳,170,77334,0.2198
沖縄県,総数,5歳～9歳,79,83417,0.0947
沖縄県,総数,10歳～14歳,-149,82495,-0.1806
沖縄県,総数,15歳～19歳,-1565,77793,-2.0117
沖縄県,総数,20歳～24歳,-1456,70129,-2.0762
沖縄県,総数,25歳～29歳,477,74283,0.6421
沖縄県,総数,30歳～34歳,380,83589,0.4546
沖縄県,総数,35歳～39歳,363,93102,0.3899
沖縄県,総数,40歳～44歳,45,97729,0.046
沖縄県,総数,45歳～49歳,159,105634,0.1505
沖縄県,総数,50歳～54歳,141,91717,0.1537
沖縄県,総数,55歳～59歳,166,87414,0.1899
沖縄県,総数,60歳～64歳,329,89764,0.3665
沖縄県,総数,65歳～69歳,194,94371,0.2056
沖縄県,総数,70歳～74歳,61,74778,0.0816
沖縄県,総数,75歳～79歳,39,50952,0.0765
沖縄県,総数,80歳～84歳,-2,48373,-0.0041
沖縄県,総数,85歳～89歳,1,33465,0.003
沖縄県,総数,90歳以上,9,22769,0.0395
沖縄県,男,0歳～4歳,124,39644,0.3128
沖縄県,男,5歳～9歳,72,42335,0.1701
沖縄県,男,10歳～14歳,-68,42031,-0.1618
沖縄県,男,15歳～19歳,-705,39930,-1.7656
沖縄県,男,20歳～24歳,-755,35854,-2.1058
沖縄県,男,25歳～29歳,268,37373,0.7171
沖縄県,男,30歳～34歳,161,41544,0.3875
沖縄県,男,35歳～39歳,182,45949,0.3961
沖縄県,男,40歳～44歳,24,48695,0.0493
沖縄県,男,45歳～49歳,141,53227,0.2649
沖縄県,男,50歳～54歳,115,45856,0.2508
沖縄県,男,55歳～59歳,113,43872,0.2576
沖縄県,男,60歳～64歳,195,44961,0.4337
沖縄県,男,65歳～69歳,130,47299,0.2748
沖縄県,男,70歳～74歳,53,36811,0.144
沖縄県,男,75歳～79歳,26,23443,0.1109
沖縄県,男,80歳～84歳,-2,20474,-0.0098
沖縄県,男,85歳～89歳,-5,12437,-0.0402
沖縄県,男,90歳以上,-3,5608,-0.0535
沖縄県,女,0歳～4歳,46,37690,0.122
沖縄県,女,5歳～9歳,7,41082,0.017
沖縄県,女,10歳～14歳,-81,40464,-0.2002
沖縄県,女,15歳～19歳,-860,37863,-2.2713
沖縄県,女,20歳～24歳,-701,34275,-2.0452
沖縄県,女,25歳～29歳,209,36910,0.5662
沖縄県,女,30歳～34歳,219,42045,0.5209
沖縄県,女,35歳～39歳,181,47153,0.3839
沖縄県,女,40歳～44歳,21,49034,0.0428
沖縄県,女,45歳～49歳,18,52407,0.0343
沖縄県,女,50歳～54歳,26,45861,0.0567
沖縄県,女,55歳～59歳,53,43542,0.1217
沖縄県,女,60歳～64歳,134,44803,0.2991
沖縄県,女,65歳～69歳,64,47072,0.136
沖縄県,女,70歳～74歳,8,37967,0.0211
沖縄県,女,75歳～79歳,13,27509,0.0473
沖縄県,女,80歳～84歳,0,27899,-0.0
沖縄県,女,85歳～89歳,6,21028,0.0285
沖縄県,女,90歳以上,12,17161,0.0699
